<?xml version="1.0" encoding="UTF-8" standalone="no"?><noise><version><![CDATA[2.0.1]]></version><generatorTypes><generatorType><generatorTypeClassName><![CDATA[de.schmiereck.noiseComp.generator.GeneratorTypeData]]></generatorTypeClassName><generatorClassName><![CDATA[de.schmiereck.noiseComp.generator.FaderGenerator]]></generatorClassName><folderPath><![CDATA[/]]></folderPath><name><![CDATA[Fader]]></name><description><![CDATA[Fades linear from a start to a end value.]]></description><inputTypes><inputType><name><![CDATA[startFadeValue]]></name><type><![CDATA[1]]></type><countMin><![CDATA[1]]></countMin><countMax><![CDATA[1]]></countMax><defaultValue/><description><![CDATA[Start value between -1 and 1 of the fading over generator length (other value ranges can used).]]></description></inputType><inputType><name><![CDATA[endFadeValue]]></name><type><![CDATA[2]]></type><countMin><![CDATA[1]]></countMin><countMax><![CDATA[1]]></countMax><defaultValue/><description><![CDATA[End value between -1 and 1 of the fading over generator length (other value ranges can used).]]></description></inputType></inputTypes></generatorType><generatorType><generatorTypeClassName><![CDATA[de.schmiereck.noiseComp.generator.GeneratorTypeData]]></generatorTypeClassName><generatorClassName><![CDATA[de.schmiereck.noiseComp.generator.MixerGenerator]]></generatorClassName><folderPath><![CDATA[/]]></folderPath><name><![CDATA[Mixer]]></name><description><![CDATA[Mixes multiple signal input lines and scale them with a volume.]]></description><inputTypes><inputType><name><![CDATA[volume]]></name><type><![CDATA[1]]></type><countMin><![CDATA[-1]]></countMin><countMax><![CDATA[-1]]></countMax><defaultValue/><description><![CDATA[The volume of the output singal between 0 and 1 (average is calculated if more then one volume is connected).]]></description></inputType><inputType><name><![CDATA[signal]]></name><type><![CDATA[2]]></type><countMin><![CDATA[-1]]></countMin><countMax><![CDATA[-1]]></countMax><defaultValue/><description><![CDATA[The input signal between -1 and 1 (average is calculated if more then one volume is connected).]]></description></inputType></inputTypes></generatorType><generatorType><generatorTypeClassName><![CDATA[de.schmiereck.noiseComp.generator.GeneratorTypeData]]></generatorTypeClassName><generatorClassName><![CDATA[de.schmiereck.noiseComp.generator.MultiplierGenerator]]></generatorClassName><folderPath><![CDATA[/]]></folderPath><name><![CDATA[Multiplier]]></name><description><![CDATA[Multiply multiple signal input lines and multiply them with a multiplier.]]></description><inputTypes><inputType><name><![CDATA[multiplier]]></name><type><![CDATA[2]]></type><countMin><![CDATA[-1]]></countMin><countMax><![CDATA[-1]]></countMax><defaultValue/><description><![CDATA[The volume of the output singal between 0 and 1 (average is calculated if more then one volume is connected).]]></description></inputType><inputType><name><![CDATA[signal]]></name><type><![CDATA[1]]></type><countMin><![CDATA[-1]]></countMin><countMax><![CDATA[-1]]></countMax><defaultValue/><description><![CDATA[The input signal between -1 and 1 (average is calculated if more then one volume is connected).]]></description></inputType></inputTypes></generatorType><generatorType><generatorTypeClassName><![CDATA[de.schmiereck.noiseComp.generator.GeneratorTypeData]]></generatorTypeClassName><generatorClassName><![CDATA[de.schmiereck.noiseComp.generator.AddGenerator]]></generatorClassName><folderPath><![CDATA[/]]></folderPath><name><![CDATA[add]]></name><description><![CDATA[Add signals Generator.]]></description><inputTypes><inputType><name><![CDATA[signal]]></name><type><![CDATA[1]]></type><countMin><![CDATA[1]]></countMin><countMax><![CDATA[1]]></countMax><defaultValue/><description><![CDATA[Is a signal.]]></description></inputType></inputTypes></generatorType><generatorType><generatorTypeClassName><![CDATA[de.schmiereck.noiseComp.generator.GeneratorTypeData]]></generatorTypeClassName><generatorClassName><![CDATA[de.schmiereck.noiseComp.generator.MultGenerator]]></generatorClassName><folderPath><![CDATA[/]]></folderPath><name><![CDATA[mult]]></name><description><![CDATA[Multiplicate signals Generator.]]></description><inputTypes><inputType><name><![CDATA[signal]]></name><type><![CDATA[1]]></type><countMin><![CDATA[1]]></countMin><countMax><![CDATA[1]]></countMax><defaultValue/><description><![CDATA[Is a signal.]]></description></inputType></inputTypes></generatorType><generatorType><generatorTypeClassName><![CDATA[de.schmiereck.noiseComp.generator.GeneratorTypeData]]></generatorTypeClassName><generatorClassName><![CDATA[de.schmiereck.noiseComp.generator.PowGenerator]]></generatorClassName><folderPath><![CDATA[/]]></folderPath><name><![CDATA[pow]]></name><description><![CDATA[Calculates the value of the base (sum) raised to the power of the exponent (sum).]]></description><inputTypes><inputType><name><![CDATA[base]]></name><type><![CDATA[2]]></type><countMin><![CDATA[-1]]></countMin><countMax><![CDATA[-1]]></countMax><defaultValue/><description><![CDATA[The base singal.]]></description></inputType><inputType><name><![CDATA[exponent]]></name><type><![CDATA[1]]></type><countMin><![CDATA[-1]]></countMin><countMax><![CDATA[-1]]></countMax><defaultValue/><description><![CDATA[The exponent signal.]]></description></inputType></inputTypes></generatorType><generatorType><generatorTypeClassName><![CDATA[de.schmiereck.noiseComp.generator.GeneratorTypeData]]></generatorTypeClassName><generatorClassName><![CDATA[de.schmiereck.noiseComp.generator.OutputGenerator]]></generatorClassName><folderPath><![CDATA[/]]></folderPath><name><![CDATA[Output]]></name><description><![CDATA[The input signal is audible at the audio hardware.]]></description><inputTypes><inputType><name><![CDATA[signal]]></name><type><![CDATA[1]]></type><countMin><![CDATA[1]]></countMin><countMax><![CDATA[1]]></countMax><defaultValue/><description><![CDATA[Is a signal between -1 and 1 send to output speakers.]]></description></inputType></inputTypes></generatorType><generatorType><generatorTypeClassName><![CDATA[de.schmiereck.noiseComp.generator.GeneratorTypeData]]></generatorTypeClassName><generatorClassName><![CDATA[de.schmiereck.noiseComp.generator.SinusGenerator]]></generatorClassName><folderPath><![CDATA[/]]></folderPath><name><![CDATA[Sinus]]></name><description><![CDATA[Generates a sinus signal with a specified frequency and amplidude.]]></description><inputTypes><inputType><name><![CDATA[signalFrequency]]></name><type><![CDATA[1]]></type><countMin><![CDATA[1]]></countMin><countMax><![CDATA[1]]></countMax><defaultValue/><description><![CDATA[Frequency of the signal in oscillations per second (alternativ to signalIIFreq).]]></description></inputType><inputType><name><![CDATA[signalAmplitude]]></name><type><![CDATA[2]]></type><countMin><![CDATA[1]]></countMin><countMax><![CDATA[1]]></countMax><defaultValue><![CDATA[1.0]]></defaultValue><description><![CDATA[Amplidude of the signal between 0 and 1.]]></description></inputType><inputType><name><![CDATA[signalShift]]></name><type><![CDATA[3]]></type><countMin><![CDATA[1]]></countMin><countMax><![CDATA[-1]]></countMax><defaultValue><![CDATA[0.0]]></defaultValue><description><![CDATA[The offset of the sinus between -1 and 1 (0 is no shift, 0.5 is shifting a half oscillation).]]></description></inputType><inputType><name><![CDATA[signalIIFreq]]></name><type><![CDATA[4]]></type><countMin><![CDATA[-1]]></countMin><countMax><![CDATA[-1]]></countMax><defaultValue/><description><![CDATA[Input of the sinus signal (alternativ to signalFrequency).]]></description></inputType></inputTypes></generatorType><generatorType><generatorTypeClassName><![CDATA[de.schmiereck.noiseComp.generator.GeneratorTypeData]]></generatorTypeClassName><generatorClassName><![CDATA[de.schmiereck.noiseComp.generator.RectangleGenerator]]></generatorClassName><folderPath><![CDATA[/]]></folderPath><name><![CDATA[Rectangle]]></name><description><![CDATA[Generates a rectangle signal with a specified frequency and amplidude.]]></description><inputTypes><inputType><name><![CDATA[signalFrequency]]></name><type><![CDATA[1]]></type><countMin><![CDATA[1]]></countMin><countMax><![CDATA[1]]></countMax><defaultValue><![CDATA[1.0]]></defaultValue><description><![CDATA[Frequency of the signal in oscillations per second.]]></description></inputType><inputType><name><![CDATA[signalAmplitude]]></name><type><![CDATA[2]]></type><countMin><![CDATA[1]]></countMin><countMax><![CDATA[1]]></countMax><defaultValue><![CDATA[1.0]]></defaultValue><description><![CDATA[Amplidude of the signal between 0 and 1.]]></description></inputType><inputType><name><![CDATA[signalShift]]></name><type><![CDATA[3]]></type><countMin><![CDATA[1]]></countMin><countMax><![CDATA[0]]></countMax><defaultValue><![CDATA[0.0]]></defaultValue><description><![CDATA[The offset of the rectangle between -1 and 1 (0 is no shift, 0.5 is shifting a half oscillation).]]></description></inputType></inputTypes></generatorType><generatorType><generatorTypeClassName><![CDATA[de.schmiereck.noiseComp.generator.GeneratorTypeData]]></generatorTypeClassName><generatorClassName><![CDATA[de.schmiereck.noiseComp.generator.TriangelGenerator]]></generatorClassName><folderPath><![CDATA[/]]></folderPath><name><![CDATA[Triangel]]></name><description><![CDATA[Generates a triangel signal with a specified frequency and amplidude.]]></description><inputTypes><inputType><name><![CDATA[signalFrequency]]></name><type><![CDATA[1]]></type><countMin><![CDATA[1]]></countMin><countMax><![CDATA[1]]></countMax><defaultValue><![CDATA[1.0]]></defaultValue><description><![CDATA[Frequency of the signal in oscillations per second.]]></description></inputType><inputType><name><![CDATA[signalAmplitude]]></name><type><![CDATA[2]]></type><countMin><![CDATA[1]]></countMin><countMax><![CDATA[1]]></countMax><defaultValue><![CDATA[1.0]]></defaultValue><description><![CDATA[Amplidude of the signal between 0 and 1.]]></description></inputType><inputType><name><![CDATA[signalShift]]></name><type><![CDATA[3]]></type><countMin><![CDATA[1]]></countMin><countMax><![CDATA[0]]></countMax><defaultValue><![CDATA[0.0]]></defaultValue><description><![CDATA[The offset of the triangel between -1 and 1 (0 is no shift, 0.5 is shifting a half oscillation).]]></description></inputType></inputTypes></generatorType><generatorType><generatorTypeClassName><![CDATA[de.schmiereck.noiseComp.generator.GeneratorTypeData]]></generatorTypeClassName><generatorClassName><![CDATA[de.schmiereck.noiseComp.generator.SawtoothGenerator]]></generatorClassName><folderPath><![CDATA[/]]></folderPath><name><![CDATA[Sawtooth]]></name><description><![CDATA[Generates a sawtooth signal with a specified frequency and amplidude.]]></description><inputTypes><inputType><name><![CDATA[signalFrequency]]></name><type><![CDATA[1]]></type><countMin><![CDATA[1]]></countMin><countMax><![CDATA[1]]></countMax><defaultValue><![CDATA[1.0]]></defaultValue><description><![CDATA[Frequency of the signal in oscillations per second.]]></description></inputType><inputType><name><![CDATA[signalAmplitude]]></name><type><![CDATA[2]]></type><countMin><![CDATA[1]]></countMin><countMax><![CDATA[1]]></countMax><defaultValue><![CDATA[1.0]]></defaultValue><description><![CDATA[Amplidude of the signal between 0 and 1.]]></description></inputType><inputType><name><![CDATA[signalShift]]></name><type><![CDATA[3]]></type><countMin><![CDATA[1]]></countMin><countMax><![CDATA[0]]></countMax><defaultValue><![CDATA[0.0]]></defaultValue><description><![CDATA[The offset of the sawtooth between -1 and 1 (0 is no shift, 0.5 is shifting a half oscillation).]]></description></inputType></inputTypes></generatorType><generatorType><generatorTypeClassName><![CDATA[de.schmiereck.noiseComp.generator.GeneratorTypeData]]></generatorTypeClassName><generatorClassName><![CDATA[de.schmiereck.noiseComp.generator.CutGenerator]]></generatorClassName><folderPath><![CDATA[/]]></folderPath><name><![CDATA[Cut]]></name><description><![CDATA[Cut the input singnal to the given minimum and maximum values.]]></description><inputTypes><inputType><name><![CDATA[signalMaximum]]></name><type><![CDATA[1]]></type><countMin><![CDATA[1]]></countMin><countMax><![CDATA[1]]></countMax><defaultValue><![CDATA[1.0]]></defaultValue><description><![CDATA[Mamximum of the signal value.]]></description></inputType><inputType><name><![CDATA[signalMinimum]]></name><type><![CDATA[2]]></type><countMin><![CDATA[1]]></countMin><countMax><![CDATA[1]]></countMax><defaultValue><![CDATA[-1.0]]></defaultValue><description><![CDATA[Minimum of the signal value.]]></description></inputType><inputType><name><![CDATA[signal]]></name><type><![CDATA[3]]></type><countMin><![CDATA[1]]></countMin><countMax><![CDATA[1]]></countMax><defaultValue><![CDATA[0.0]]></defaultValue><description><![CDATA[Signal value.]]></description></inputType></inputTypes></generatorType><generatorType><generatorTypeClassName><![CDATA[de.schmiereck.noiseComp.generator.GeneratorTypeData]]></generatorTypeClassName><generatorClassName><![CDATA[de.schmiereck.noiseComp.generator.WaveGenerator]]></generatorClassName><folderPath><![CDATA[/]]></folderPath><name><![CDATA[Wave File]]></name><description><![CDATA[Plays a Wave file from file system.]]></description><inputTypes><inputType><name><![CDATA[fileName]]></name><type><![CDATA[1]]></type><countMin><![CDATA[1]]></countMin><countMax><![CDATA[1]]></countMax><defaultValue/><description><![CDATA[Is the file name of a .WAV file.]]></description></inputType></inputTypes></generatorType><generatorType><generatorTypeClassName><![CDATA[de.schmiereck.noiseComp.generator.GeneratorTypeData]]></generatorTypeClassName><generatorClassName><![CDATA[de.schmiereck.noiseComp.generator.ASRPulseGenerator]]></generatorClassName><folderPath><![CDATA[/]]></folderPath><name><![CDATA[ASRPulse]]></name><description><![CDATA[Generates a pulse signal with a specified frequency and amplidude and puls shape.]]></description><inputTypes><inputType><name><![CDATA[signalFrequency]]></name><type><![CDATA[1]]></type><countMin><![CDATA[1]]></countMin><countMax><![CDATA[1]]></countMax><defaultValue><![CDATA[1.0]]></defaultValue><description><![CDATA[Frequency of the pulse in oscillations per second.]]></description></inputType><inputType><name><![CDATA[signalAmplitude]]></name><type><![CDATA[2]]></type><countMin><![CDATA[1]]></countMin><countMax><![CDATA[1]]></countMax><defaultValue><![CDATA[1.0]]></defaultValue><description><![CDATA[Amplidude of the pulse between 0 and 1.]]></description></inputType><inputType><name><![CDATA[attackTime]]></name><type><![CDATA[3]]></type><countMin><![CDATA[1]]></countMin><countMax><![CDATA[1]]></countMax><defaultValue><![CDATA[0.1]]></defaultValue><description><![CDATA[The attack time of the pulse in percent between 0.0 and 1.0.]]></description></inputType><inputType><name><![CDATA[sustainTime]]></name><type><![CDATA[4]]></type><countMin><![CDATA[1]]></countMin><countMax><![CDATA[1]]></countMax><defaultValue><![CDATA[0.3]]></defaultValue><description><![CDATA[The sustain time of the pulse in percent between 0.0 and 1.0.]]></description></inputType><inputType><name><![CDATA[releaseTime]]></name><type><![CDATA[5]]></type><countMin><![CDATA[1]]></countMin><countMax><![CDATA[1]]></countMax><defaultValue><![CDATA[0.2]]></defaultValue><description><![CDATA[The release time of the pulse in percent between 0.0 and 1.0.]]></description></inputType></inputTypes></generatorType><generatorType><generatorTypeClassName><![CDATA[de.schmiereck.noiseComp.generator.GeneratorTypeData]]></generatorTypeClassName><generatorClassName><![CDATA[de.schmiereck.noiseComp.generator.WhiteNoiseGenerator]]></generatorClassName><folderPath><![CDATA[/]]></folderPath><name><![CDATA[White Gaussian Noise]]></name><description><![CDATA[Generate White Gaussian Noise with variance and mean.]]></description><inputTypes><inputType><name><![CDATA[variance]]></name><type><![CDATA[2]]></type><countMin><![CDATA[-1]]></countMin><countMax><![CDATA[-1]]></countMax><defaultValue/><description><![CDATA[The variance.]]></description></inputType><inputType><name><![CDATA[mean]]></name><type><![CDATA[1]]></type><countMin><![CDATA[-1]]></countMin><countMax><![CDATA[-1]]></countMax><defaultValue/><description><![CDATA[The mean.]]></description></inputType></inputTypes></generatorType><generatorType><generatorTypeClassName><![CDATA[de.schmiereck.noiseComp.generator.GeneratorTypeData]]></generatorTypeClassName><generatorClassName><![CDATA[de.schmiereck.noiseComp.generator.PinkNoiseGenerator]]></generatorClassName><folderPath><![CDATA[/]]></folderPath><name><![CDATA[Pink Noise]]></name><description><![CDATA[Generate White Gaussian Noise with variance and mean.]]></description><inputTypes><inputType><name><![CDATA[variance]]></name><type><![CDATA[2]]></type><countMin><![CDATA[-1]]></countMin><countMax><![CDATA[-1]]></countMax><defaultValue/><description><![CDATA[The variance.]]></description></inputType><inputType><name><![CDATA[mean]]></name><type><![CDATA[1]]></type><countMin><![CDATA[-1]]></countMin><countMax><![CDATA[-1]]></countMax><defaultValue/><description><![CDATA[The mean.]]></description></inputType></inputTypes></generatorType><generatorType><generatorTypeClassName><![CDATA[de.schmiereck.noiseComp.generator.GeneratorTypeData]]></generatorTypeClassName><generatorClassName><![CDATA[de.schmiereck.noiseComp.generator.PinkNoise2Generator]]></generatorClassName><folderPath><![CDATA[/]]></folderPath><name><![CDATA[Pink Noise 2]]></name><description><![CDATA[Generate White Gaussian Noise with variance, mean, alpha and poles.]]></description><inputTypes><inputType><name><![CDATA[variance]]></name><type><![CDATA[2]]></type><countMin><![CDATA[-1]]></countMin><countMax><![CDATA[-1]]></countMax><defaultValue/><description><![CDATA[The variance (default 0).]]></description></inputType><inputType><name><![CDATA[mean]]></name><type><![CDATA[1]]></type><countMin><![CDATA[-1]]></countMin><countMax><![CDATA[-1]]></countMax><defaultValue/><description><![CDATA[The mean (default 0).]]></description></inputType><inputType><name><![CDATA[alpha]]></name><type><![CDATA[3]]></type><countMin><![CDATA[-1]]></countMin><countMax><![CDATA[-1]]></countMax><defaultValue/><description><![CDATA[The alpha (default 0, alpha 1 is pink, alpha 2 is brown, 0 to 2).]]></description></inputType><inputType><name><![CDATA[poles]]></name><type><![CDATA[4]]></type><countMin><![CDATA[-1]]></countMin><countMax><![CDATA[-1]]></countMax><defaultValue/><description><![CDATA[The poles (default 2).]]></description></inputType></inputTypes></generatorType><generatorType><generatorTypeClassName><![CDATA[de.schmiereck.noiseComp.generator.GeneratorTypeData]]></generatorTypeClassName><generatorClassName><![CDATA[de.schmiereck.noiseComp.generator.TanhGenerator]]></generatorClassName><folderPath><![CDATA[/]]></folderPath><name><![CDATA[tanh]]></name><description><![CDATA[Math.tanh Generator.]]></description><inputTypes><inputType><name><![CDATA[signal]]></name><type><![CDATA[1]]></type><countMin><![CDATA[1]]></countMin><countMax><![CDATA[1]]></countMax><defaultValue/><description><![CDATA[Is a signal between -1 and 1 send to output speakers.]]></description></inputType></inputTypes></generatorType><generatorType><generatorTypeClassName><![CDATA[de.schmiereck.noiseComp.generator.GeneratorTypeData]]></generatorTypeClassName><generatorClassName><![CDATA[de.schmiereck.noiseComp.generator.ExponentGenerator]]></generatorClassName><folderPath><![CDATA[/]]></folderPath><name><![CDATA[exponent]]></name><description><![CDATA[Exponent Generator.]]></description><inputTypes><inputType><name><![CDATA[signal]]></name><type><![CDATA[1]]></type><countMin><![CDATA[1]]></countMin><countMax><![CDATA[1]]></countMax><defaultValue/><description><![CDATA[Is a signal between -1 and 1 send to output speakers.]]></description></inputType></inputTypes></generatorType><generatorType><generatorTypeClassName><![CDATA[de.schmiereck.noiseComp.generator.GeneratorTypeData]]></generatorTypeClassName><generatorClassName><![CDATA[de.schmiereck.noiseComp.generator.IntegratorGenerator]]></generatorClassName><folderPath><![CDATA[/]]></folderPath><name><![CDATA[Integrator]]></name><description><![CDATA[Integrates multiple signal input lines.]]></description><inputTypes><inputType><name><![CDATA[signal]]></name><type><![CDATA[1]]></type><countMin><![CDATA[-1]]></countMin><countMax><![CDATA[-1]]></countMax><defaultValue/><description><![CDATA[The input signal between -1 and 1.]]></description></inputType></inputTypes></generatorType><generatorType><generatorTypeClassName><![CDATA[de.schmiereck.noiseComp.generator.GeneratorTypeData]]></generatorTypeClassName><generatorClassName><![CDATA[de.schmiereck.noiseComp.generator.EchoGenerator]]></generatorClassName><folderPath><![CDATA[/]]></folderPath><name><![CDATA[echo]]></name><description><![CDATA[Echo Generator.]]></description><inputTypes><inputType><name><![CDATA[signal]]></name><type><![CDATA[1]]></type><countMin><![CDATA[1]]></countMin><countMax><![CDATA[1]]></countMax><defaultValue/><description><![CDATA[The input signal between -1 and 1.]]></description></inputType><inputType><name><![CDATA[echos]]></name><type><![CDATA[2]]></type><countMin><![CDATA[1]]></countMin><countMax><![CDATA[1]]></countMax><defaultValue/><description><![CDATA[Count of echos.]]></description></inputType><inputType><name><![CDATA[delay]]></name><type><![CDATA[3]]></type><countMin><![CDATA[1]]></countMin><countMax><![CDATA[1]]></countMax><defaultValue/><description><![CDATA[Delay (Verzögerung).]]></description></inputType><inputType><name><![CDATA[decay]]></name><type><![CDATA[4]]></type><countMin><![CDATA[1]]></countMin><countMax><![CDATA[1]]></countMax><defaultValue/><description><![CDATA[Decay (Dämpfung).]]></description></inputType></inputTypes></generatorType><generatorType><generatorTypeClassName><![CDATA[de.schmiereck.noiseComp.generator.GeneratorTypeData]]></generatorTypeClassName><generatorClassName><![CDATA[de.schmiereck.noiseComp.generator.FilterGenerator]]></generatorClassName><folderPath><![CDATA[/]]></folderPath><name><![CDATA[filter]]></name><description><![CDATA[Filter Generator.]]></description><inputTypes><inputType><name><![CDATA[signal]]></name><type><![CDATA[1]]></type><countMin><![CDATA[1]]></countMin><countMax><![CDATA[1]]></countMax><defaultValue/><description><![CDATA[Is a signal between -1 and 1.]]></description></inputType><inputType><name><![CDATA[filter]]></name><type><![CDATA[2]]></type><countMin><![CDATA[1]]></countMin><countMax><![CDATA[1]]></countMax><defaultValue/><description><![CDATA[Is a filter between 0 and 1.]]></description></inputType></inputTypes></generatorType><generatorType><generatorTypeClassName><![CDATA[de.schmiereck.noiseComp.generator.ModulGeneratorTypeData]]></generatorTypeClassName><generatorClassName><![CDATA[de.schmiereck.noiseComp.generator.ModulGenerator#noise-line]]></generatorClassName><folderPath><![CDATA[/File/Modules/]]></folderPath><name><![CDATA[noise-line]]></name><description><![CDATA[Manages a Group of other generators.]]></description><isMain><![CDATA[true]]></isMain><view><zoomX><![CDATA[90.0]]></zoomX><ticksCount><![CDATA[240.0]]></ticksCount><ticksPer><![CDATA[BPM]]></ticksPer></view><inputTypes/><generators><generator><folderPath><![CDATA[/File/Modules/drums/hitB/]]></folderPath><type><![CDATA[de.schmiereck.noiseComp.generator.ModulGenerator#HitB-line]]></type><name><![CDATA[fastLine1]]></name><startTime><![CDATA[0.0]]></startTime><endTime><![CDATA[1.0]]></endTime></generator><generator><folderPath><![CDATA[/File/Modules/drums/hitB/]]></folderPath><type><![CDATA[de.schmiereck.noiseComp.generator.ModulGenerator#HitB-line]]></type><name><![CDATA[fastLine1 (new)]]></name><startTime><![CDATA[1.0]]></startTime><endTime><![CDATA[2.0]]></endTime></generator><generator><folderPath><![CDATA[/File/Modules/drums/hitB/]]></folderPath><type><![CDATA[de.schmiereck.noiseComp.generator.ModulGenerator#HitB-line]]></type><name><![CDATA[fastLine1 (new) (new)]]></name><startTime><![CDATA[2.0]]></startTime><endTime><![CDATA[3.0]]></endTime></generator><generator><folderPath><![CDATA[/File/Modules/drums/hitB/]]></folderPath><type><![CDATA[de.schmiereck.noiseComp.generator.ModulGenerator#HitB-line]]></type><name><![CDATA[fastLine1 (new) (new) (new)]]></name><startTime><![CDATA[3.0]]></startTime><endTime><![CDATA[4.0]]></endTime></generator><generator><folderPath/><type><![CDATA[de.schmiereck.noiseComp.generator.MixerGenerator]]></type><name><![CDATA[hitBMix]]></name><startTime><![CDATA[0.0]]></startTime><endTime><![CDATA[4.0]]></endTime><inputs><input><generatorName><![CDATA[fastLine1]]></generatorName><type><![CDATA[2]]></type><value/><stringValue/></input><input><generatorName><![CDATA[fastLine1 (new)]]></generatorName><type><![CDATA[2]]></type><value/><stringValue/></input><input><generatorName><![CDATA[fastLine1 (new) (new)]]></generatorName><type><![CDATA[2]]></type><value/><stringValue/></input><input><generatorName><![CDATA[fastLine1 (new) (new) (new)]]></generatorName><type><![CDATA[2]]></type><value/><stringValue/></input></inputs></generator><generator><folderPath><![CDATA[/File/Modules/drums/hitA/]]></folderPath><type><![CDATA[de.schmiereck.noiseComp.generator.ModulGenerator#hitA]]></type><name><![CDATA[hitA1]]></name><startTime><![CDATA[0.0]]></startTime><endTime><![CDATA[0.25]]></endTime></generator><generator><folderPath><![CDATA[/File/Modules/drums/hitA/]]></folderPath><type><![CDATA[de.schmiereck.noiseComp.generator.ModulGenerator#hitA]]></type><name><![CDATA[hitA2]]></name><startTime><![CDATA[0.5]]></startTime><endTime><![CDATA[1.0]]></endTime></generator><generator><folderPath><![CDATA[/File/Modules/drums/hitA/]]></folderPath><type><![CDATA[de.schmiereck.noiseComp.generator.ModulGenerator#hitA]]></type><name><![CDATA[hitA3]]></name><startTime><![CDATA[1.25]]></startTime><endTime><![CDATA[1.5]]></endTime></generator><generator><folderPath><![CDATA[/File/Modules/drums/hitA/]]></folderPath><type><![CDATA[de.schmiereck.noiseComp.generator.ModulGenerator#hitA]]></type><name><![CDATA[hitA6 (new)]]></name><startTime><![CDATA[1.25]]></startTime><endTime><![CDATA[1.75]]></endTime></generator><generator><folderPath><![CDATA[/File/Modules/drums/hitA/]]></folderPath><type><![CDATA[de.schmiereck.noiseComp.generator.ModulGenerator#hitA]]></type><name><![CDATA[hitA4]]></name><startTime><![CDATA[1.75]]></startTime><endTime><![CDATA[2.0]]></endTime></generator><generator><folderPath><![CDATA[/File/Modules/drums/hitA/]]></folderPath><type><![CDATA[de.schmiereck.noiseComp.generator.ModulGenerator#hitA]]></type><name><![CDATA[hitA5]]></name><startTime><![CDATA[2.25]]></startTime><endTime><![CDATA[2.5]]></endTime></generator><generator><folderPath><![CDATA[/File/Modules/drums/hitA/]]></folderPath><type><![CDATA[de.schmiereck.noiseComp.generator.ModulGenerator#hitA]]></type><name><![CDATA[hitA8]]></name><startTime><![CDATA[3.25]]></startTime><endTime><![CDATA[3.75]]></endTime></generator><generator><folderPath><![CDATA[/File/Modules/drums/hitA/]]></folderPath><type><![CDATA[de.schmiereck.noiseComp.generator.ModulGenerator#hitA]]></type><name><![CDATA[hitA7]]></name><startTime><![CDATA[2.75]]></startTime><endTime><![CDATA[3.0]]></endTime></generator><generator><folderPath><![CDATA[/File/Modules/drums/hitA/]]></folderPath><type><![CDATA[de.schmiereck.noiseComp.generator.ModulGenerator#hitA]]></type><name><![CDATA[hitA6]]></name><startTime><![CDATA[2.75]]></startTime><endTime><![CDATA[3.25]]></endTime></generator><generator><folderPath/><type><![CDATA[de.schmiereck.noiseComp.generator.MixerGenerator]]></type><name><![CDATA[mixer]]></name><startTime><![CDATA[0.0]]></startTime><endTime><![CDATA[4.0]]></endTime><inputs><input><type><![CDATA[1]]></type><value><![CDATA[0.5]]></value><stringValue/></input><input><generatorName><![CDATA[hitA1]]></generatorName><type><![CDATA[2]]></type><value/><stringValue/></input><input><generatorName><![CDATA[hitA2]]></generatorName><type><![CDATA[2]]></type><value/><stringValue/></input><input><generatorName><![CDATA[hitA3]]></generatorName><type><![CDATA[2]]></type><value/><stringValue/></input><input><generatorName><![CDATA[hitA4]]></generatorName><type><![CDATA[2]]></type><value/><stringValue/></input><input><generatorName><![CDATA[hitA5]]></generatorName><type><![CDATA[2]]></type><value/><stringValue/></input><input><generatorName><![CDATA[hitA6]]></generatorName><type><![CDATA[2]]></type><value/><stringValue/></input><input><generatorName><![CDATA[hitA7]]></generatorName><type><![CDATA[2]]></type><value/><stringValue/></input><input><generatorName><![CDATA[hitA8]]></generatorName><type><![CDATA[2]]></type><value/><stringValue/></input><input><generatorName><![CDATA[hitBMix]]></generatorName><type><![CDATA[2]]></type><value/><stringValue/></input><input><generatorName><![CDATA[hitA6 (new)]]></generatorName><type><![CDATA[2]]></type><value/><stringValue/></input></inputs></generator><generator><folderPath/><type><![CDATA[de.schmiereck.noiseComp.generator.OutputGenerator]]></type><name><![CDATA[output]]></name><startTime><![CDATA[0.0]]></startTime><endTime><![CDATA[5.0]]></endTime><inputs><input><generatorName><![CDATA[mixer]]></generatorName><type><![CDATA[1]]></type><value/><stringValue/></input></inputs></generator></generators><tracks><track><generatorName><![CDATA[fastLine1]]></generatorName></track><track><generatorName><![CDATA[fastLine1 (new)]]></generatorName></track><track><generatorName><![CDATA[fastLine1 (new) (new)]]></generatorName></track><track><generatorName><![CDATA[fastLine1 (new) (new) (new)]]></generatorName></track><track><generatorName><![CDATA[hitBMix]]></generatorName></track><track><generatorName><![CDATA[hitA1]]></generatorName></track><track><generatorName><![CDATA[hitA2]]></generatorName></track><track><generatorName><![CDATA[hitA3]]></generatorName></track><track><generatorName><![CDATA[hitA6 (new)]]></generatorName></track><track><generatorName><![CDATA[hitA4]]></generatorName></track><track><generatorName><![CDATA[hitA5]]></generatorName></track><track><generatorName><![CDATA[hitA8]]></generatorName></track><track><generatorName><![CDATA[hitA7]]></generatorName></track><track><generatorName><![CDATA[hitA6]]></generatorName></track><track><generatorName><![CDATA[mixer]]></generatorName></track><track><generatorName><![CDATA[output]]></generatorName></track></tracks></generatorType><generatorType><generatorTypeClassName><![CDATA[de.schmiereck.noiseComp.generator.ModulGeneratorTypeData]]></generatorTypeClassName><generatorClassName><![CDATA[de.schmiereck.noiseComp.generator.ModulGenerator#hitA]]></generatorClassName><folderPath><![CDATA[/File/Modules/drums/hitA/]]></folderPath><name><![CDATA[hitA]]></name><description><![CDATA[Manages a Group of other generators.]]></description><view><zoomX><![CDATA[455.625]]></zoomX><ticksCount><![CDATA[0.01]]></ticksCount><ticksPer><![CDATA[Milliseconds]]></ticksPer></view><inputTypes/><generators><generator><folderPath/><type><![CDATA[de.schmiereck.noiseComp.generator.OutputGenerator]]></type><name><![CDATA[o]]></name><startTime><![CDATA[0.0]]></startTime><endTime><![CDATA[1.0]]></endTime><inputs><input><generatorName><![CDATA[m]]></generatorName><type><![CDATA[1]]></type><value/><stringValue/></input></inputs></generator><generator><folderPath/><type><![CDATA[de.schmiereck.noiseComp.generator.MixerGenerator]]></type><name><![CDATA[m]]></name><startTime><![CDATA[0.0]]></startTime><endTime><![CDATA[1.0]]></endTime><inputs><input><generatorName><![CDATA[wgn1add1]]></generatorName><type><![CDATA[2]]></type><value/><stringValue/></input><input><type><![CDATA[1]]></type><value><![CDATA[2.0]]></value><stringValue><![CDATA[2,0]]></stringValue></input></inputs></generator><generator><folderPath/><type><![CDATA[de.schmiereck.noiseComp.generator.AddGenerator]]></type><name><![CDATA[wgn1add1]]></name><startTime><![CDATA[0.0]]></startTime><endTime><![CDATA[1.0]]></endTime><inputs><input><generatorName><![CDATA[wgn1cut1]]></generatorName><type><![CDATA[1]]></type><value/><stringValue/></input><input><type><![CDATA[1]]></type><value><![CDATA[-0.5]]></value><stringValue><![CDATA[-0,5]]></stringValue></input></inputs></generator><generator><folderPath/><type><![CDATA[de.schmiereck.noiseComp.generator.CutGenerator]]></type><name><![CDATA[wgn1cut1]]></name><startTime><![CDATA[0.0]]></startTime><endTime><![CDATA[1.0]]></endTime><inputs><input><type><![CDATA[2]]></type><value><![CDATA[0.5]]></value><stringValue><![CDATA[0,5]]></stringValue></input><input><generatorName><![CDATA[wgn1]]></generatorName><type><![CDATA[3]]></type><value/><stringValue/></input><input><type><![CDATA[1]]></type><value><![CDATA[1.0]]></value><stringValue><![CDATA[1,0]]></stringValue></input></inputs></generator><generator><folderPath/><type><![CDATA[de.schmiereck.noiseComp.generator.WhiteNoiseGenerator]]></type><name><![CDATA[wgn1]]></name><startTime><![CDATA[0.0]]></startTime><endTime><![CDATA[1.0]]></endTime><inputs><input><type><![CDATA[2]]></type><value><![CDATA[0.25]]></value><stringValue><![CDATA[0,25]]></stringValue></input><input><type><![CDATA[1]]></type><value><![CDATA[0.25]]></value><stringValue><![CDATA[0,25]]></stringValue></input></inputs></generator></generators><tracks><track><generatorName><![CDATA[o]]></generatorName></track><track><generatorName><![CDATA[m]]></generatorName></track><track><generatorName><![CDATA[wgn1add1]]></generatorName></track><track><generatorName><![CDATA[wgn1cut1]]></generatorName></track><track><generatorName><![CDATA[wgn1]]></generatorName></track></tracks></generatorType><generatorType><generatorTypeClassName><![CDATA[de.schmiereck.noiseComp.generator.ModulGeneratorTypeData]]></generatorTypeClassName><generatorClassName><![CDATA[de.schmiereck.noiseComp.generator.ModulGenerator#hitB]]></generatorClassName><folderPath><![CDATA[/File/Modules/drums/hitB/]]></folderPath><name><![CDATA[hitB]]></name><description><![CDATA[Manages a Group of other generators.]]></description><view><zoomX><![CDATA[1537.7344]]></zoomX><ticksCount><![CDATA[0.1]]></ticksCount><ticksPer><![CDATA[Milliseconds]]></ticksPer></view><inputTypes/><generators><generator><folderPath/><type><![CDATA[de.schmiereck.noiseComp.generator.OutputGenerator]]></type><name><![CDATA[o]]></name><startTime><![CDATA[0.0]]></startTime><endTime><![CDATA[1.0]]></endTime><inputs><input><generatorName><![CDATA[m]]></generatorName><type><![CDATA[1]]></type><value/><stringValue/></input></inputs></generator><generator><folderPath/><type><![CDATA[de.schmiereck.noiseComp.generator.MixerGenerator]]></type><name><![CDATA[m]]></name><startTime><![CDATA[0.0]]></startTime><endTime><![CDATA[0.24]]></endTime><inputs><input><generatorName><![CDATA[cut1]]></generatorName><type><![CDATA[2]]></type><value/><stringValue/></input><input><type><![CDATA[2]]></type><value><![CDATA[-0.45]]></value><stringValue><![CDATA[-0,45]]></stringValue></input><input><type><![CDATA[1]]></type><value><![CDATA[2.0]]></value><stringValue><![CDATA[2,0]]></stringValue></input></inputs></generator><generator><folderPath/><type><![CDATA[de.schmiereck.noiseComp.generator.CutGenerator]]></type><name><![CDATA[cut1]]></name><startTime><![CDATA[0.0]]></startTime><endTime><![CDATA[0.24]]></endTime><inputs><input><type><![CDATA[1]]></type><value><![CDATA[0.5]]></value><stringValue><![CDATA[0,5]]></stringValue></input><input><type><![CDATA[2]]></type><value><![CDATA[0.4]]></value><stringValue><![CDATA[0,4]]></stringValue></input><input><generatorName><![CDATA[pn1]]></generatorName><type><![CDATA[3]]></type><value><![CDATA[0.0]]></value><stringValue><![CDATA[0,0]]></stringValue></input></inputs></generator><generator><folderPath/><type><![CDATA[de.schmiereck.noiseComp.generator.PinkNoise2Generator]]></type><name><![CDATA[pn1]]></name><startTime><![CDATA[0.0]]></startTime><endTime><![CDATA[0.24]]></endTime><inputs><input><type><![CDATA[2]]></type><value><![CDATA[0.025]]></value><stringValue><![CDATA[0,025]]></stringValue></input><input><type><![CDATA[1]]></type><value><![CDATA[0.5]]></value><stringValue><![CDATA[0,5]]></stringValue></input><input><type><![CDATA[3]]></type><value><![CDATA[0.025]]></value><stringValue><![CDATA[0,025]]></stringValue></input><input><type><![CDATA[4]]></type><value><![CDATA[2.0]]></value><stringValue><![CDATA[2]]></stringValue></input></inputs></generator></generators><tracks><track><generatorName><![CDATA[o]]></generatorName></track><track><generatorName><![CDATA[m]]></generatorName></track><track><generatorName><![CDATA[cut1]]></generatorName></track><track><generatorName><![CDATA[pn1]]></generatorName></track></tracks></generatorType><generatorType><generatorTypeClassName><![CDATA[de.schmiereck.noiseComp.generator.ModulGeneratorTypeData]]></generatorTypeClassName><generatorClassName><![CDATA[de.schmiereck.noiseComp.generator.ModulGenerator#HitB-line]]></generatorClassName><folderPath><![CDATA[/File/Modules/drums/hitB/]]></folderPath><name><![CDATA[HitB-line]]></name><description><![CDATA[Manages a Group of other generators.]]></description><view><zoomX><![CDATA[303.75]]></zoomX><ticksCount><![CDATA[1010.0]]></ticksCount><ticksPer><![CDATA[BPM]]></ticksPer></view><inputTypes/><generators><generator><folderPath/><type><![CDATA[de.schmiereck.noiseComp.generator.OutputGenerator]]></type><name><![CDATA[o]]></name><startTime><![CDATA[0.0]]></startTime><endTime><![CDATA[2.0]]></endTime><inputs><input><generatorName><![CDATA[m]]></generatorName><type><![CDATA[1]]></type><value/><stringValue/></input></inputs></generator><generator><folderPath/><type><![CDATA[de.schmiereck.noiseComp.generator.MixerGenerator]]></type><name><![CDATA[m]]></name><startTime><![CDATA[0.0]]></startTime><endTime><![CDATA[2.0]]></endTime><inputs><input><generatorName><![CDATA[hitB1]]></generatorName><type><![CDATA[2]]></type><value/><stringValue/></input><input><generatorName><![CDATA[hitB2]]></generatorName><type><![CDATA[2]]></type><value/><stringValue/></input><input><generatorName><![CDATA[hitB3]]></generatorName><type><![CDATA[2]]></type><value/><stringValue/></input><input><generatorName><![CDATA[hitB3 (new)]]></generatorName><type><![CDATA[2]]></type><value/><stringValue/></input></inputs></generator><generator><folderPath><![CDATA[/File/Modules/drums/hitB/]]></folderPath><type><![CDATA[de.schmiereck.noiseComp.generator.ModulGenerator#hitB]]></type><name><![CDATA[hitB1]]></name><startTime><![CDATA[0.0]]></startTime><endTime><![CDATA[0.05940594]]></endTime></generator><generator><folderPath><![CDATA[/File/Modules/drums/hitB/]]></folderPath><type><![CDATA[de.schmiereck.noiseComp.generator.ModulGenerator#hitB]]></type><name><![CDATA[hitB2]]></name><startTime><![CDATA[0.23762377]]></startTime><endTime><![CDATA[0.2970297]]></endTime></generator><generator><folderPath><![CDATA[/File/Modules/drums/hitB/]]></folderPath><type><![CDATA[de.schmiereck.noiseComp.generator.ModulGenerator#hitB]]></type><name><![CDATA[hitB3]]></name><startTime><![CDATA[0.47524753]]></startTime><endTime><![CDATA[0.5346535]]></endTime></generator><generator><folderPath><![CDATA[/File/Modules/drums/hitB/]]></folderPath><type><![CDATA[de.schmiereck.noiseComp.generator.ModulGenerator#hitB]]></type><name><![CDATA[hitB3 (new)]]></name><startTime><![CDATA[0.7128713]]></startTime><endTime><![CDATA[0.77227724]]></endTime></generator></generators><tracks><track><generatorName><![CDATA[o]]></generatorName></track><track><generatorName><![CDATA[m]]></generatorName></track><track><generatorName><![CDATA[hitB1]]></generatorName></track><track><generatorName><![CDATA[hitB2]]></generatorName></track><track><generatorName><![CDATA[hitB3]]></generatorName></track><track><generatorName><![CDATA[hitB3 (new)]]></generatorName></track></tracks></generatorType><generatorType><generatorTypeClassName><![CDATA[de.schmiereck.noiseComp.generator.GeneratorTypeData]]></generatorTypeClassName><generatorClassName/><folderPath><![CDATA[/File/Modules/drums/]]></folderPath><name/><description/><inputTypes/></generatorType><generatorType><generatorTypeClassName><![CDATA[de.schmiereck.noiseComp.generator.GeneratorTypeData]]></generatorTypeClassName><generatorClassName/><folderPath><![CDATA[/File/Modules/drums/hitA/]]></folderPath><name/><description/><inputTypes/></generatorType><generatorType><generatorTypeClassName><![CDATA[de.schmiereck.noiseComp.generator.GeneratorTypeData]]></generatorTypeClassName><generatorClassName/><folderPath><![CDATA[/File/Modules/drums/hitB/]]></folderPath><name/><description/><inputTypes/></generatorType></generatorTypes></noise>