<?xml version="1.0" encoding="UTF-8" standalone="no"?>
<noise>
	<version><![CDATA[2.0]]></version>
	<generatorTypes>
		<generatorType>
			<generatorTypeClassName><![CDATA[de.schmiereck.noiseComp.generator.GeneratorTypeData]]></generatorTypeClassName>
			<generatorClassName><![CDATA[de.schmiereck.noiseComp.generator.FaderGenerator]]></generatorClassName>
			<folderPath><![CDATA[/]]></folderPath>
			<name><![CDATA[Fader]]></name>
			<description><![CDATA[Fades linear from a start to a end value.]]></description>
			<inputTypes>
				<inputType>
					<name><![CDATA[startFadeValue]]></name>
					<type><![CDATA[1]]></type>
					<countMin><![CDATA[1]]></countMin>
					<countMax><![CDATA[1]]></countMax>
					<defaultValue />
					<description><![CDATA[Start value between -1 and 1 of the fading over generator length (other value ranges can used).]]></description>
				</inputType>
				<inputType>
					<name><![CDATA[endFadeValue]]></name>
					<type><![CDATA[2]]></type>
					<countMin><![CDATA[1]]></countMin>
					<countMax><![CDATA[1]]></countMax>
					<defaultValue />
					<description><![CDATA[End value between -1 and 1 of the fading over generator length (other value ranges can used).]]></description>
				</inputType>
			</inputTypes>
		</generatorType>
		<generatorType>
			<generatorTypeClassName><![CDATA[de.schmiereck.noiseComp.generator.GeneratorTypeData]]></generatorTypeClassName>
			<generatorClassName><![CDATA[de.schmiereck.noiseComp.generator.MixerGenerator]]></generatorClassName>
			<folderPath><![CDATA[/]]></folderPath>
			<name><![CDATA[Mixer]]></name>
			<description><![CDATA[Mixes multiple signal input lines and scale them with a volume.]]></description>
			<inputTypes>
				<inputType>
					<name><![CDATA[volume]]></name>
					<type><![CDATA[1]]></type>
					<countMin><![CDATA[-1]]></countMin>
					<countMax><![CDATA[-1]]></countMax>
					<defaultValue />
					<description><![CDATA[The volume of the output singal between 0 and 1 (average is calculated if more then one volume is connected).]]></description>
				</inputType>
				<inputType>
					<name><![CDATA[signal]]></name>
					<type><![CDATA[2]]></type>
					<countMin><![CDATA[-1]]></countMin>
					<countMax><![CDATA[-1]]></countMax>
					<defaultValue />
					<description><![CDATA[The input signal between -1 and 1 (average is calculated if more then one volume is connected).]]></description>
				</inputType>
			</inputTypes>
		</generatorType>
		<generatorType>
			<generatorTypeClassName><![CDATA[de.schmiereck.noiseComp.generator.GeneratorTypeData]]></generatorTypeClassName>
			<generatorClassName><![CDATA[de.schmiereck.noiseComp.generator.MultiplierGenerator]]></generatorClassName>
			<folderPath><![CDATA[/]]></folderPath>
			<name><![CDATA[Multiplier]]></name>
			<description><![CDATA[Multiply multiple signal input lines and multiply them with a multiplier.]]></description>
			<inputTypes>
				<inputType>
					<name><![CDATA[multiplier]]></name>
					<type><![CDATA[2]]></type>
					<countMin><![CDATA[-1]]></countMin>
					<countMax><![CDATA[-1]]></countMax>
					<defaultValue />
					<description><![CDATA[The volume of the output singal between 0 and 1 (average is calculated if more then one volume is connected).]]></description>
				</inputType>
				<inputType>
					<name><![CDATA[signal]]></name>
					<type><![CDATA[1]]></type>
					<countMin><![CDATA[-1]]></countMin>
					<countMax><![CDATA[-1]]></countMax>
					<defaultValue />
					<description><![CDATA[The input signal between -1 and 1 (average is calculated if more then one volume is connected).]]></description>
				</inputType>
			</inputTypes>
		</generatorType>
		<generatorType>
			<generatorTypeClassName><![CDATA[de.schmiereck.noiseComp.generator.GeneratorTypeData]]></generatorTypeClassName>
			<generatorClassName><![CDATA[de.schmiereck.noiseComp.generator.AddGenerator]]></generatorClassName>
			<folderPath><![CDATA[/]]></folderPath>
			<name><![CDATA[add]]></name>
			<description><![CDATA[Add signals Generator.]]></description>
			<inputTypes>
				<inputType>
					<name><![CDATA[signal]]></name>
					<type><![CDATA[1]]></type>
					<countMin><![CDATA[1]]></countMin>
					<countMax><![CDATA[1]]></countMax>
					<defaultValue />
					<description><![CDATA[Is a signal.]]></description>
				</inputType>
			</inputTypes>
		</generatorType>
		<generatorType>
			<generatorTypeClassName><![CDATA[de.schmiereck.noiseComp.generator.GeneratorTypeData]]></generatorTypeClassName>
			<generatorClassName><![CDATA[de.schmiereck.noiseComp.generator.MultGenerator]]></generatorClassName>
			<folderPath><![CDATA[/]]></folderPath>
			<name><![CDATA[mult]]></name>
			<description><![CDATA[Multiplicate signals Generator.]]></description>
			<inputTypes>
				<inputType>
					<name><![CDATA[signal]]></name>
					<type><![CDATA[1]]></type>
					<countMin><![CDATA[1]]></countMin>
					<countMax><![CDATA[1]]></countMax>
					<defaultValue />
					<description><![CDATA[Is a signal.]]></description>
				</inputType>
			</inputTypes>
		</generatorType>
		<generatorType>
			<generatorTypeClassName><![CDATA[de.schmiereck.noiseComp.generator.GeneratorTypeData]]></generatorTypeClassName>
			<generatorClassName><![CDATA[de.schmiereck.noiseComp.generator.PowGenerator]]></generatorClassName>
			<folderPath><![CDATA[/]]></folderPath>
			<name><![CDATA[pow]]></name>
			<description><![CDATA[Calculates the value of the base (sum) raised to the power of the exponent (sum).]]></description>
			<inputTypes>
				<inputType>
					<name><![CDATA[base]]></name>
					<type><![CDATA[2]]></type>
					<countMin><![CDATA[-1]]></countMin>
					<countMax><![CDATA[-1]]></countMax>
					<defaultValue />
					<description><![CDATA[The base singal.]]></description>
				</inputType>
				<inputType>
					<name><![CDATA[exponent]]></name>
					<type><![CDATA[1]]></type>
					<countMin><![CDATA[-1]]></countMin>
					<countMax><![CDATA[-1]]></countMax>
					<defaultValue />
					<description><![CDATA[The exponent signal.]]></description>
				</inputType>
			</inputTypes>
		</generatorType>
		<generatorType>
			<generatorTypeClassName><![CDATA[de.schmiereck.noiseComp.generator.GeneratorTypeData]]></generatorTypeClassName>
			<generatorClassName><![CDATA[de.schmiereck.noiseComp.generator.OutputGenerator]]></generatorClassName>
			<folderPath><![CDATA[/]]></folderPath>
			<name><![CDATA[Output]]></name>
			<description><![CDATA[The input signal is audible at the audio hardware.]]></description>
			<inputTypes>
				<inputType>
					<name><![CDATA[signal]]></name>
					<type><![CDATA[1]]></type>
					<countMin><![CDATA[1]]></countMin>
					<countMax><![CDATA[1]]></countMax>
					<defaultValue />
					<description><![CDATA[Is a signal between -1 and 1 send to output speakers.]]></description>
				</inputType>
			</inputTypes>
		</generatorType>
		<generatorType>
			<generatorTypeClassName><![CDATA[de.schmiereck.noiseComp.generator.GeneratorTypeData]]></generatorTypeClassName>
			<generatorClassName><![CDATA[de.schmiereck.noiseComp.generator.SinusGenerator]]></generatorClassName>
			<folderPath><![CDATA[/]]></folderPath>
			<name><![CDATA[Sinus]]></name>
			<description><![CDATA[Generates a sinus signal with a specified frequency and amplidude.]]></description>
			<inputTypes>
				<inputType>
					<name><![CDATA[signalFrequency]]></name>
					<type><![CDATA[1]]></type>
					<countMin><![CDATA[1]]></countMin>
					<countMax><![CDATA[1]]></countMax>
					<defaultValue />
					<description><![CDATA[Frequency of the signal in oscillations per second (alternativ to signalInput).]]></description>
				</inputType>
				<inputType>
					<name><![CDATA[signalAmplitude]]></name>
					<type><![CDATA[2]]></type>
					<countMin><![CDATA[1]]></countMin>
					<countMax><![CDATA[1]]></countMax>
					<defaultValue><![CDATA[1.0]]></defaultValue>
					<description><![CDATA[Amplidude of the signal between 0 and 1.]]></description>
				</inputType>
				<inputType>
					<name><![CDATA[signalShift]]></name>
					<type><![CDATA[3]]></type>
					<countMin><![CDATA[1]]></countMin>
					<countMax><![CDATA[-1]]></countMax>
					<defaultValue><![CDATA[0.0]]></defaultValue>
					<description><![CDATA[The offset of the sinus between -1 and 1 (0 is no shift, 0.5 is shifting a half oscillation).]]></description>
				</inputType>
				<inputType>
					<name><![CDATA[signalIIFreq]]></name>
					<type><![CDATA[4]]></type>
					<countMin><![CDATA[-1]]></countMin>
					<countMax><![CDATA[-1]]></countMax>
					<defaultValue />
					<description><![CDATA[Integrated Input of the frequenz signal (alternativ to signalFrequency).]]></description>
				</inputType>
			</inputTypes>
		</generatorType>
		<generatorType>
			<generatorTypeClassName><![CDATA[de.schmiereck.noiseComp.generator.GeneratorTypeData]]></generatorTypeClassName>
			<generatorClassName><![CDATA[de.schmiereck.noiseComp.generator.RectangleGenerator]]></generatorClassName>
			<folderPath><![CDATA[/]]></folderPath>
			<name><![CDATA[Rectangle]]></name>
			<description><![CDATA[Generates a rectangle signal with a specified frequency and amplidude.]]></description>
			<inputTypes>
				<inputType>
					<name><![CDATA[signalFrequency]]></name>
					<type><![CDATA[1]]></type>
					<countMin><![CDATA[1]]></countMin>
					<countMax><![CDATA[1]]></countMax>
					<defaultValue><![CDATA[1.0]]></defaultValue>
					<description><![CDATA[Frequency of the signal in oscillations per second.]]></description>
				</inputType>
				<inputType>
					<name><![CDATA[signalAmplitude]]></name>
					<type><![CDATA[2]]></type>
					<countMin><![CDATA[1]]></countMin>
					<countMax><![CDATA[1]]></countMax>
					<defaultValue><![CDATA[1.0]]></defaultValue>
					<description><![CDATA[Amplidude of the signal between 0 and 1.]]></description>
				</inputType>
				<inputType>
					<name><![CDATA[signalShift]]></name>
					<type><![CDATA[3]]></type>
					<countMin><![CDATA[1]]></countMin>
					<countMax><![CDATA[0]]></countMax>
					<defaultValue><![CDATA[0.0]]></defaultValue>
					<description><![CDATA[The offset of the rectangle between -1 and 1 (0 is no shift, 0.5 is shifting a half oscillation).]]></description>
				</inputType>
			</inputTypes>
		</generatorType>
		<generatorType>
			<generatorTypeClassName><![CDATA[de.schmiereck.noiseComp.generator.GeneratorTypeData]]></generatorTypeClassName>
			<generatorClassName><![CDATA[de.schmiereck.noiseComp.generator.TriangelGenerator]]></generatorClassName>
			<folderPath><![CDATA[/]]></folderPath>
			<name><![CDATA[Triangel]]></name>
			<description><![CDATA[Generates a triangel signal with a specified frequency and amplidude.]]></description>
			<inputTypes>
				<inputType>
					<name><![CDATA[signalFrequency]]></name>
					<type><![CDATA[1]]></type>
					<countMin><![CDATA[1]]></countMin>
					<countMax><![CDATA[1]]></countMax>
					<defaultValue><![CDATA[1.0]]></defaultValue>
					<description><![CDATA[Frequency of the signal in oscillations per second.]]></description>
				</inputType>
				<inputType>
					<name><![CDATA[signalAmplitude]]></name>
					<type><![CDATA[2]]></type>
					<countMin><![CDATA[1]]></countMin>
					<countMax><![CDATA[1]]></countMax>
					<defaultValue><![CDATA[1.0]]></defaultValue>
					<description><![CDATA[Amplidude of the signal between 0 and 1.]]></description>
				</inputType>
				<inputType>
					<name><![CDATA[signalShift]]></name>
					<type><![CDATA[3]]></type>
					<countMin><![CDATA[1]]></countMin>
					<countMax><![CDATA[0]]></countMax>
					<defaultValue><![CDATA[0.0]]></defaultValue>
					<description><![CDATA[The offset of the triangel between -1 and 1 (0 is no shift, 0.5 is shifting a half oscillation).]]></description>
				</inputType>
			</inputTypes>
		</generatorType>
		<generatorType>
			<generatorTypeClassName><![CDATA[de.schmiereck.noiseComp.generator.GeneratorTypeData]]></generatorTypeClassName>
			<generatorClassName><![CDATA[de.schmiereck.noiseComp.generator.SawtoothGenerator]]></generatorClassName>
			<folderPath><![CDATA[/]]></folderPath>
			<name><![CDATA[Sawtooth]]></name>
			<description><![CDATA[Generates a sawtooth signal with a specified frequency and amplidude.]]></description>
			<inputTypes>
				<inputType>
					<name><![CDATA[signalFrequency]]></name>
					<type><![CDATA[1]]></type>
					<countMin><![CDATA[1]]></countMin>
					<countMax><![CDATA[1]]></countMax>
					<defaultValue><![CDATA[1.0]]></defaultValue>
					<description><![CDATA[Frequency of the signal in oscillations per second.]]></description>
				</inputType>
				<inputType>
					<name><![CDATA[signalAmplitude]]></name>
					<type><![CDATA[2]]></type>
					<countMin><![CDATA[1]]></countMin>
					<countMax><![CDATA[1]]></countMax>
					<defaultValue><![CDATA[1.0]]></defaultValue>
					<description><![CDATA[Amplidude of the signal between 0 and 1.]]></description>
				</inputType>
				<inputType>
					<name><![CDATA[signalShift]]></name>
					<type><![CDATA[3]]></type>
					<countMin><![CDATA[1]]></countMin>
					<countMax><![CDATA[0]]></countMax>
					<defaultValue><![CDATA[0.0]]></defaultValue>
					<description><![CDATA[The offset of the sawtooth between -1 and 1 (0 is no shift, 0.5 is shifting a half oscillation).]]></description>
				</inputType>
				<inputType>
					<name><![CDATA[signalIIFreq]]></name>
					<type><![CDATA[4]]></type>
					<countMin><![CDATA[-1]]></countMin>
					<countMax><![CDATA[-1]]></countMax>
					<defaultValue />
					<description><![CDATA[Integrated Input of the frequenz signal (alternativ to signalFrequency).]]></description>
				</inputType>
			</inputTypes>
		</generatorType>
		<generatorType>
			<generatorTypeClassName><![CDATA[de.schmiereck.noiseComp.generator.GeneratorTypeData]]></generatorTypeClassName>
			<generatorClassName><![CDATA[de.schmiereck.noiseComp.generator.CutGenerator]]></generatorClassName>
			<folderPath><![CDATA[/]]></folderPath>
			<name><![CDATA[Cut]]></name>
			<description><![CDATA[Cut the input singnal to the given minimum and maximum values.]]></description>
			<inputTypes>
				<inputType>
					<name><![CDATA[signalMaximum]]></name>
					<type><![CDATA[1]]></type>
					<countMin><![CDATA[1]]></countMin>
					<countMax><![CDATA[1]]></countMax>
					<defaultValue><![CDATA[1.0]]></defaultValue>
					<description><![CDATA[Mamximum of the signal value.]]></description>
				</inputType>
				<inputType>
					<name><![CDATA[signalMinimum]]></name>
					<type><![CDATA[2]]></type>
					<countMin><![CDATA[1]]></countMin>
					<countMax><![CDATA[1]]></countMax>
					<defaultValue><![CDATA[-1.0]]></defaultValue>
					<description><![CDATA[Minimum of the signal value.]]></description>
				</inputType>
				<inputType>
					<name><![CDATA[signal]]></name>
					<type><![CDATA[3]]></type>
					<countMin><![CDATA[1]]></countMin>
					<countMax><![CDATA[1]]></countMax>
					<defaultValue><![CDATA[0.0]]></defaultValue>
					<description><![CDATA[Signal value.]]></description>
				</inputType>
			</inputTypes>
		</generatorType>
		<generatorType>
			<generatorTypeClassName><![CDATA[de.schmiereck.noiseComp.generator.GeneratorTypeData]]></generatorTypeClassName>
			<generatorClassName><![CDATA[de.schmiereck.noiseComp.generator.WaveGenerator]]></generatorClassName>
			<folderPath><![CDATA[/]]></folderPath>
			<name><![CDATA[Wave File]]></name>
			<description><![CDATA[Plays a Wave file from file system.]]></description>
			<inputTypes>
				<inputType>
					<name><![CDATA[fileName]]></name>
					<type><![CDATA[1]]></type>
					<countMin><![CDATA[1]]></countMin>
					<countMax><![CDATA[1]]></countMax>
					<defaultValue />
					<description><![CDATA[Is the file name of a .WAV file.]]></description>
				</inputType>
			</inputTypes>
		</generatorType>
		<generatorType>
			<generatorTypeClassName><![CDATA[de.schmiereck.noiseComp.generator.GeneratorTypeData]]></generatorTypeClassName>
			<generatorClassName><![CDATA[de.schmiereck.noiseComp.generator.ASRPulseGenerator]]></generatorClassName>
			<folderPath><![CDATA[/]]></folderPath>
			<name><![CDATA[ASRPulse]]></name>
			<description><![CDATA[Generates a pulse signal with a specified frequency and amplidude and puls shape.]]></description>
			<inputTypes>
				<inputType>
					<name><![CDATA[signalFrequency]]></name>
					<type><![CDATA[1]]></type>
					<countMin><![CDATA[1]]></countMin>
					<countMax><![CDATA[1]]></countMax>
					<defaultValue><![CDATA[1.0]]></defaultValue>
					<description><![CDATA[Frequency of the pulse in oscillations per second.]]></description>
				</inputType>
				<inputType>
					<name><![CDATA[signalAmplitude]]></name>
					<type><![CDATA[2]]></type>
					<countMin><![CDATA[1]]></countMin>
					<countMax><![CDATA[1]]></countMax>
					<defaultValue><![CDATA[1.0]]></defaultValue>
					<description><![CDATA[Amplidude of the pulse between 0 and 1.]]></description>
				</inputType>
				<inputType>
					<name><![CDATA[attackTime]]></name>
					<type><![CDATA[3]]></type>
					<countMin><![CDATA[1]]></countMin>
					<countMax><![CDATA[1]]></countMax>
					<defaultValue><![CDATA[0.1]]></defaultValue>
					<description><![CDATA[The attack time of the pulse in percent between 0.0 and 1.0.]]></description>
				</inputType>
				<inputType>
					<name><![CDATA[sustainTime]]></name>
					<type><![CDATA[4]]></type>
					<countMin><![CDATA[1]]></countMin>
					<countMax><![CDATA[1]]></countMax>
					<defaultValue><![CDATA[0.3]]></defaultValue>
					<description><![CDATA[The sustain time of the pulse in percent between 0.0 and 1.0.]]></description>
				</inputType>
				<inputType>
					<name><![CDATA[releaseTime]]></name>
					<type><![CDATA[5]]></type>
					<countMin><![CDATA[1]]></countMin>
					<countMax><![CDATA[1]]></countMax>
					<defaultValue><![CDATA[0.2]]></defaultValue>
					<description><![CDATA[The release time of the pulse in percent between 0.0 and 1.0.]]></description>
				</inputType>
			</inputTypes>
		</generatorType>
		<generatorType>
			<generatorTypeClassName><![CDATA[de.schmiereck.noiseComp.generator.GeneratorTypeData]]></generatorTypeClassName>
			<generatorClassName><![CDATA[de.schmiereck.noiseComp.generator.WhiteNoiseGenerator]]></generatorClassName>
			<folderPath><![CDATA[/]]></folderPath>
			<name><![CDATA[White Gaussian Noise]]></name>
			<description><![CDATA[Generate White Gaussian Noise with variance and mean.]]></description>
			<inputTypes>
				<inputType>
					<name><![CDATA[variance]]></name>
					<type><![CDATA[2]]></type>
					<countMin><![CDATA[-1]]></countMin>
					<countMax><![CDATA[-1]]></countMax>
					<defaultValue />
					<description><![CDATA[The variance.]]></description>
				</inputType>
				<inputType>
					<name><![CDATA[mean]]></name>
					<type><![CDATA[1]]></type>
					<countMin><![CDATA[-1]]></countMin>
					<countMax><![CDATA[-1]]></countMax>
					<defaultValue />
					<description><![CDATA[The mean.]]></description>
				</inputType>
			</inputTypes>
		</generatorType>
		<generatorType>
			<generatorTypeClassName><![CDATA[de.schmiereck.noiseComp.generator.GeneratorTypeData]]></generatorTypeClassName>
			<generatorClassName><![CDATA[de.schmiereck.noiseComp.generator.PinkNoiseGenerator]]></generatorClassName>
			<folderPath><![CDATA[/]]></folderPath>
			<name><![CDATA[Pink Noise]]></name>
			<description><![CDATA[Generate White Gaussian Noise with variance and mean.]]></description>
			<inputTypes>
				<inputType>
					<name><![CDATA[variance]]></name>
					<type><![CDATA[2]]></type>
					<countMin><![CDATA[-1]]></countMin>
					<countMax><![CDATA[-1]]></countMax>
					<defaultValue />
					<description><![CDATA[The variance.]]></description>
				</inputType>
				<inputType>
					<name><![CDATA[mean]]></name>
					<type><![CDATA[1]]></type>
					<countMin><![CDATA[-1]]></countMin>
					<countMax><![CDATA[-1]]></countMax>
					<defaultValue />
					<description><![CDATA[The mean.]]></description>
				</inputType>
			</inputTypes>
		</generatorType>
		<generatorType>
			<generatorTypeClassName><![CDATA[de.schmiereck.noiseComp.generator.GeneratorTypeData]]></generatorTypeClassName>
			<generatorClassName><![CDATA[de.schmiereck.noiseComp.generator.PinkNoise2Generator]]></generatorClassName>
			<folderPath><![CDATA[/]]></folderPath>
			<name><![CDATA[Pink Noise 2]]></name>
			<description><![CDATA[Generate White Gaussian Noise with variance, mean, alpha and poles.]]></description>
			<inputTypes>
				<inputType>
					<name><![CDATA[variance]]></name>
					<type><![CDATA[2]]></type>
					<countMin><![CDATA[-1]]></countMin>
					<countMax><![CDATA[-1]]></countMax>
					<defaultValue />
					<description><![CDATA[The variance (default 0).]]></description>
				</inputType>
				<inputType>
					<name><![CDATA[mean]]></name>
					<type><![CDATA[1]]></type>
					<countMin><![CDATA[-1]]></countMin>
					<countMax><![CDATA[-1]]></countMax>
					<defaultValue />
					<description><![CDATA[The mean (default 0).]]></description>
				</inputType>
				<inputType>
					<name><![CDATA[alpha]]></name>
					<type><![CDATA[3]]></type>
					<countMin><![CDATA[-1]]></countMin>
					<countMax><![CDATA[-1]]></countMax>
					<defaultValue />
					<description><![CDATA[The alpha (default 0, alpha 1 is pink, alpha 2 is brown, 0 to 2).]]></description>
				</inputType>
				<inputType>
					<name><![CDATA[poles]]></name>
					<type><![CDATA[4]]></type>
					<countMin><![CDATA[-1]]></countMin>
					<countMax><![CDATA[-1]]></countMax>
					<defaultValue />
					<description><![CDATA[The poles (default 2).]]></description>
				</inputType>
			</inputTypes>
		</generatorType>
		<generatorType>
			<generatorTypeClassName><![CDATA[de.schmiereck.noiseComp.generator.GeneratorTypeData]]></generatorTypeClassName>
			<generatorClassName><![CDATA[de.schmiereck.noiseComp.generator.TanhGenerator]]></generatorClassName>
			<folderPath><![CDATA[/]]></folderPath>
			<name><![CDATA[tanh]]></name>
			<description><![CDATA[Math.tanh Generator.]]></description>
			<inputTypes>
				<inputType>
					<name><![CDATA[signal]]></name>
					<type><![CDATA[1]]></type>
					<countMin><![CDATA[1]]></countMin>
					<countMax><![CDATA[1]]></countMax>
					<defaultValue />
					<description><![CDATA[Is a signal between -1 and 1 send to output speakers.]]></description>
				</inputType>
			</inputTypes>
		</generatorType>
		<generatorType>
			<generatorTypeClassName><![CDATA[de.schmiereck.noiseComp.generator.GeneratorTypeData]]></generatorTypeClassName>
			<generatorClassName><![CDATA[de.schmiereck.noiseComp.generator.ExponentGenerator]]></generatorClassName>
			<folderPath><![CDATA[/]]></folderPath>
			<name><![CDATA[exponent]]></name>
			<description><![CDATA[Exponent Generator.]]></description>
			<inputTypes>
				<inputType>
					<name><![CDATA[signal]]></name>
					<type><![CDATA[1]]></type>
					<countMin><![CDATA[1]]></countMin>
					<countMax><![CDATA[1]]></countMax>
					<defaultValue />
					<description><![CDATA[Is a signal between -1 and 1 send to output speakers.]]></description>
				</inputType>
			</inputTypes>
		</generatorType>
		<generatorType>
			<generatorTypeClassName><![CDATA[de.schmiereck.noiseComp.generator.GeneratorTypeData]]></generatorTypeClassName>
			<generatorClassName><![CDATA[de.schmiereck.noiseComp.generator.IntegratorGenerator]]></generatorClassName>
			<folderPath><![CDATA[/]]></folderPath>
			<name><![CDATA[Integrator]]></name>
			<description><![CDATA[Integrates multiple signal input lines.]]></description>
			<inputTypes>
				<inputType>
					<name><![CDATA[signal]]></name>
					<type><![CDATA[1]]></type>
					<countMin><![CDATA[-1]]></countMin>
					<countMax><![CDATA[-1]]></countMax>
					<defaultValue />
					<description><![CDATA[The input signal.]]></description>
				</inputType>
			</inputTypes>
		</generatorType>
		<generatorType>
			<generatorTypeClassName><![CDATA[de.schmiereck.noiseComp.generator.GeneratorTypeData]]></generatorTypeClassName>
			<generatorClassName><![CDATA[de.schmiereck.noiseComp.generator.EchoGenerator]]></generatorClassName>
			<folderPath><![CDATA[/]]></folderPath>
			<name><![CDATA[echo]]></name>
			<description><![CDATA[Echo Generator.]]></description>
			<inputTypes>
				<inputType>
					<name><![CDATA[signal]]></name>
					<type><![CDATA[1]]></type>
					<countMin><![CDATA[1]]></countMin>
					<countMax><![CDATA[1]]></countMax>
					<defaultValue />
					<description><![CDATA[The input signal between -1 and 1.]]></description>
				</inputType>
				<inputType>
					<name><![CDATA[echos]]></name>
					<type><![CDATA[2]]></type>
					<countMin><![CDATA[1]]></countMin>
					<countMax><![CDATA[1]]></countMax>
					<defaultValue />
					<description><![CDATA[Count of echos.]]></description>
				</inputType>
				<inputType>
					<name><![CDATA[delay]]></name>
					<type><![CDATA[3]]></type>
					<countMin><![CDATA[1]]></countMin>
					<countMax><![CDATA[1]]></countMax>
					<defaultValue />
					<description><![CDATA[Delay (Verzögerung).]]></description>
				</inputType>
				<inputType>
					<name><![CDATA[decay]]></name>
					<type><![CDATA[4]]></type>
					<countMin><![CDATA[1]]></countMin>
					<countMax><![CDATA[1]]></countMax>
					<defaultValue />
					<description><![CDATA[Decay (Dämpfung).]]></description>
				</inputType>
			</inputTypes>
		</generatorType>
		<generatorType>
			<generatorTypeClassName><![CDATA[de.schmiereck.noiseComp.generator.GeneratorTypeData]]></generatorTypeClassName>
			<generatorClassName><![CDATA[de.schmiereck.noiseComp.generator.FilterGenerator]]></generatorClassName>
			<folderPath><![CDATA[/]]></folderPath>
			<name><![CDATA[filter]]></name>
			<description><![CDATA[Filter Generator.]]></description>
			<inputTypes>
				<inputType>
					<name><![CDATA[signal]]></name>
					<type><![CDATA[1]]></type>
					<countMin><![CDATA[1]]></countMin>
					<countMax><![CDATA[1]]></countMax>
					<defaultValue />
					<description><![CDATA[Is a signal between -1 and 1.]]></description>
				</inputType>
				<inputType>
					<name><![CDATA[filter]]></name>
					<type><![CDATA[2]]></type>
					<countMin><![CDATA[1]]></countMin>
					<countMax><![CDATA[1]]></countMax>
					<defaultValue />
					<description><![CDATA[Is a filter between 0 and 1.]]></description>
				</inputType>
			</inputTypes>
		</generatorType>
		<generatorType>
			<generatorTypeClassName><![CDATA[de.schmiereck.noiseComp.generator.ModulGeneratorTypeData]]></generatorTypeClassName>
			<generatorClassName><![CDATA[de.schmiereck.noiseComp.generator.ModulGenerator#Main-Modul]]></generatorClassName>
			<folderPath><![CDATA[/File/Modules/]]></folderPath>
			<name><![CDATA[Main-Modul]]></name>
			<description><![CDATA[Manages a Group of other generators.]]></description>
			<isMain><![CDATA[true]]></isMain>
			<view>
				<zoomX><![CDATA[40.0]]></zoomX>
				<ticksCount />
				<ticksPer />
			</view>
			<inputTypes />
			<generators>
				<generator>
					<folderPath />
					<type><![CDATA[de.schmiereck.noiseComp.generator.FaderGenerator]]></type>
					<name><![CDATA[faderIn]]></name>
					<startTime><![CDATA[0.0]]></startTime>
					<endTime><![CDATA[2.0]]></endTime>
					<inputs>
						<input>
							<type><![CDATA[1]]></type>
							<value><![CDATA[0.0]]></value>
							<stringValue />
						</input>
						<input>
							<type><![CDATA[2]]></type>
							<value><![CDATA[0.5]]></value>
							<stringValue />
						</input>
					</inputs>
				</generator>
				<generator>
					<folderPath />
					<type><![CDATA[de.schmiereck.noiseComp.generator.FaderGenerator]]></type>
					<name><![CDATA[faderOut]]></name>
					<startTime><![CDATA[2.0]]></startTime>
					<endTime><![CDATA[5.0]]></endTime>
					<inputs>
						<input>
							<type><![CDATA[1]]></type>
							<value><![CDATA[0.5]]></value>
							<stringValue />
						</input>
						<input>
							<type><![CDATA[2]]></type>
							<value><![CDATA[0.0]]></value>
							<stringValue />
						</input>
					</inputs>
				</generator>
				<generator>
					<folderPath />
					<type><![CDATA[de.schmiereck.noiseComp.generator.SinusGenerator]]></type>
					<name><![CDATA[sinus0]]></name>
					<startTime><![CDATA[0.0]]></startTime>
					<endTime><![CDATA[5.0]]></endTime>
					<inputs>
						<input>
							<type><![CDATA[1]]></type>
							<value><![CDATA[110.0]]></value>
							<stringValue />
						</input>
					</inputs>
				</generator>
				<generator>
					<folderPath />
					<type><![CDATA[de.schmiereck.noiseComp.generator.SinusGenerator]]></type>
					<name><![CDATA[sinus1]]></name>
					<startTime><![CDATA[0.0]]></startTime>
					<endTime><![CDATA[5.0]]></endTime>
					<inputs>
						<input>
							<type><![CDATA[1]]></type>
							<value><![CDATA[220.0]]></value>
							<stringValue />
						</input>
					</inputs>
				</generator>
				<generator>
					<folderPath />
					<type><![CDATA[de.schmiereck.noiseComp.generator.SinusGenerator]]></type>
					<name><![CDATA[sinus2]]></name>
					<startTime><![CDATA[0.0]]></startTime>
					<endTime><![CDATA[5.0]]></endTime>
					<inputs>
						<input>
							<type><![CDATA[1]]></type>
							<value><![CDATA[240.0]]></value>
							<stringValue />
						</input>
					</inputs>
				</generator>
				<generator>
					<folderPath />
					<type><![CDATA[de.schmiereck.noiseComp.generator.SinusGenerator]]></type>
					<name><![CDATA[sinus3]]></name>
					<startTime><![CDATA[0.0]]></startTime>
					<endTime><![CDATA[5.0]]></endTime>
					<inputs>
						<input>
							<type><![CDATA[1]]></type>
							<value><![CDATA[248.0]]></value>
							<stringValue />
						</input>
					</inputs>
				</generator>
				<generator>
					<folderPath />
					<type><![CDATA[de.schmiereck.noiseComp.generator.MixerGenerator]]></type>
					<name><![CDATA[mixer]]></name>
					<startTime><![CDATA[0.0]]></startTime>
					<endTime><![CDATA[5.0]]></endTime>
					<inputs>
						<input>
							<type><![CDATA[1]]></type>
							<value><![CDATA[0.5]]></value>
							<stringValue />
						</input>
						<input>
							<generatorName><![CDATA[faderIn]]></generatorName>
							<type><![CDATA[1]]></type>
							<value />
							<stringValue />
						</input>
						<input>
							<generatorName><![CDATA[faderOut]]></generatorName>
							<type><![CDATA[1]]></type>
							<value />
							<stringValue />
						</input>
						<input>
							<generatorName><![CDATA[sinus0]]></generatorName>
							<type><![CDATA[2]]></type>
							<value />
							<stringValue />
						</input>
						<input>
							<generatorName><![CDATA[sinus1]]></generatorName>
							<type><![CDATA[2]]></type>
							<value />
							<stringValue />
						</input>
						<input>
							<generatorName><![CDATA[sinus2]]></generatorName>
							<type><![CDATA[2]]></type>
							<value />
							<stringValue />
						</input>
						<input>
							<generatorName><![CDATA[sinus3]]></generatorName>
							<type><![CDATA[2]]></type>
							<value />
							<stringValue />
						</input>
					</inputs>
				</generator>
				<generator>
					<folderPath />
					<type><![CDATA[de.schmiereck.noiseComp.generator.OutputGenerator]]></type>
					<name><![CDATA[output]]></name>
					<startTime><![CDATA[0.0]]></startTime>
					<endTime><![CDATA[5.0]]></endTime>
					<inputs>
						<input>
							<generatorName><![CDATA[mixer]]></generatorName>
							<type><![CDATA[1]]></type>
							<value />
							<stringValue />
						</input>
					</inputs>
				</generator>
			</generators>
			<tracks>
				<track>
					<generatorName><![CDATA[faderIn]]></generatorName>
				</track>
				<track>
					<generatorName><![CDATA[faderOut]]></generatorName>
				</track>
				<track>
					<generatorName><![CDATA[sinus0]]></generatorName>
				</track>
				<track>
					<generatorName><![CDATA[sinus1]]></generatorName>
				</track>
				<track>
					<generatorName><![CDATA[sinus2]]></generatorName>
				</track>
				<track>
					<generatorName><![CDATA[sinus3]]></generatorName>
				</track>
				<track>
					<generatorName><![CDATA[mixer]]></generatorName>
				</track>
				<track>
					<generatorName><![CDATA[output]]></generatorName>
				</track>
			</tracks>
		</generatorType>
		<generatorType>
			<generatorTypeClassName><![CDATA[de.schmiereck.noiseComp.generator.ModulGeneratorTypeData]]></generatorTypeClassName>
			<generatorClassName><![CDATA[de.schmiereck.noiseComp.generator.ModulGenerator#Module (new)]]></generatorClassName>
			<folderPath><![CDATA[/File/Modules/]]></folderPath>
			<name><![CDATA[Module (new)]]></name>
			<description><![CDATA[Manages a Group of other generators.]]></description>
			<view>
				<zoomX><![CDATA[40.0]]></zoomX>
				<ticksCount />
				<ticksPer />
			</view>
			<inputTypes />
			<generators>
				<generator>
					<folderPath />
					<type><![CDATA[de.schmiereck.noiseComp.generator.OutputGenerator]]></type>
					<name><![CDATA[o]]></name>
					<startTime><![CDATA[0.0]]></startTime>
					<endTime><![CDATA[1.0]]></endTime>
					<inputs>
						<input>
							<generatorName><![CDATA[m]]></generatorName>
							<type><![CDATA[1]]></type>
							<value />
							<stringValue />
						</input>
					</inputs>
				</generator>
				<generator>
					<folderPath><![CDATA[/File/Modules/]]></folderPath>
					<type><![CDATA[de.schmiereck.noiseComp.generator.ModulGenerator#Main-Modul]]></type>
					<name><![CDATA[m]]></name>
					<startTime><![CDATA[0.0]]></startTime>
					<endTime><![CDATA[1.0]]></endTime>
				</generator>
			</generators>
			<tracks>
				<track>
					<generatorName><![CDATA[o]]></generatorName>
				</track>
				<track>
					<generatorName><![CDATA[m]]></generatorName>
				</track>
			</tracks>
		</generatorType>
		<generatorType>
			<generatorTypeClassName><![CDATA[de.schmiereck.noiseComp.generator.GeneratorTypeData]]></generatorTypeClassName>
			<generatorClassName />
			<folderPath><![CDATA[/File/Modules/newSub-Modules/]]></folderPath>
			<name />
			<description />
			<inputTypes />
		</generatorType>
	</generatorTypes>
</noise>