<?xml version="1.0" encoding="UTF-8" standalone="no"?><noise><version><![CDATA[2.0.1]]></version><generatorTypes><generatorType><generatorTypeClassName><![CDATA[de.schmiereck.noiseComp.generator.GeneratorTypeData]]></generatorTypeClassName><generatorClassName><![CDATA[de.schmiereck.noiseComp.generator.FaderGenerator]]></generatorClassName><folderPath><![CDATA[/]]></folderPath><name><![CDATA[Fader]]></name><description><![CDATA[Fades linear from a start to a end value.]]></description><inputTypes><inputType><name><![CDATA[startFadeValue]]></name><type><![CDATA[1]]></type><countMin><![CDATA[1]]></countMin><countMax><![CDATA[1]]></countMax><defaultValue/><description><![CDATA[Start value between -1 and 1 of the fading over generator length (other value ranges can used).]]></description></inputType><inputType><name><![CDATA[endFadeValue]]></name><type><![CDATA[2]]></type><countMin><![CDATA[1]]></countMin><countMax><![CDATA[1]]></countMax><defaultValue/><description><![CDATA[End value between -1 and 1 of the fading over generator length (other value ranges can used).]]></description></inputType></inputTypes></generatorType><generatorType><generatorTypeClassName><![CDATA[de.schmiereck.noiseComp.generator.GeneratorTypeData]]></generatorTypeClassName><generatorClassName><![CDATA[de.schmiereck.noiseComp.generator.MixerGenerator]]></generatorClassName><folderPath><![CDATA[/]]></folderPath><name><![CDATA[Mixer]]></name><description><![CDATA[Mixes multiple signal input lines and scale them with a volume.]]></description><inputTypes><inputType><name><![CDATA[volume]]></name><type><![CDATA[1]]></type><countMin><![CDATA[-1]]></countMin><countMax><![CDATA[-1]]></countMax><defaultValue/><description><![CDATA[The volume of the output singal between 0 and 1 (average is calculated if more then one volume is connected).]]></description></inputType><inputType><name><![CDATA[signal]]></name><type><![CDATA[2]]></type><countMin><![CDATA[-1]]></countMin><countMax><![CDATA[-1]]></countMax><defaultValue/><description><![CDATA[The input signal between -1 and 1 (average is calculated if more then one volume is connected).]]></description></inputType></inputTypes></generatorType><generatorType><generatorTypeClassName><![CDATA[de.schmiereck.noiseComp.generator.GeneratorTypeData]]></generatorTypeClassName><generatorClassName><![CDATA[de.schmiereck.noiseComp.generator.MultiplierGenerator]]></generatorClassName><folderPath><![CDATA[/]]></folderPath><name><![CDATA[Multiplier]]></name><description><![CDATA[Multiply multiple signal input lines and multiply them with a multiplier.]]></description><inputTypes><inputType><name><![CDATA[multiplier]]></name><type><![CDATA[2]]></type><countMin><![CDATA[-1]]></countMin><countMax><![CDATA[-1]]></countMax><defaultValue/><description><![CDATA[The volume of the output singal between 0 and 1 (average is calculated if more then one volume is connected).]]></description></inputType><inputType><name><![CDATA[signal]]></name><type><![CDATA[1]]></type><countMin><![CDATA[-1]]></countMin><countMax><![CDATA[-1]]></countMax><defaultValue/><description><![CDATA[The input signal between -1 and 1 (average is calculated if more then one volume is connected).]]></description></inputType></inputTypes></generatorType><generatorType><generatorTypeClassName><![CDATA[de.schmiereck.noiseComp.generator.GeneratorTypeData]]></generatorTypeClassName><generatorClassName><![CDATA[de.schmiereck.noiseComp.generator.AddGenerator]]></generatorClassName><folderPath><![CDATA[/]]></folderPath><name><![CDATA[add]]></name><description><![CDATA[Add signals Generator.]]></description><inputTypes><inputType><name><![CDATA[signal]]></name><type><![CDATA[1]]></type><countMin><![CDATA[1]]></countMin><countMax><![CDATA[1]]></countMax><defaultValue/><description><![CDATA[Is a signal.]]></description></inputType></inputTypes></generatorType><generatorType><generatorTypeClassName><![CDATA[de.schmiereck.noiseComp.generator.GeneratorTypeData]]></generatorTypeClassName><generatorClassName><![CDATA[de.schmiereck.noiseComp.generator.OutputGenerator]]></generatorClassName><folderPath><![CDATA[/]]></folderPath><name><![CDATA[Output]]></name><description><![CDATA[The input signal is audible at the audio hardware.]]></description><inputTypes><inputType><name><![CDATA[signal]]></name><type><![CDATA[1]]></type><countMin><![CDATA[1]]></countMin><countMax><![CDATA[1]]></countMax><defaultValue/><description><![CDATA[Is a signal between -1 and 1 send to output speakers.]]></description></inputType></inputTypes></generatorType><generatorType><generatorTypeClassName><![CDATA[de.schmiereck.noiseComp.generator.GeneratorTypeData]]></generatorTypeClassName><generatorClassName><![CDATA[de.schmiereck.noiseComp.generator.SinusGenerator]]></generatorClassName><folderPath><![CDATA[/]]></folderPath><name><![CDATA[Sinus]]></name><description><![CDATA[Generates a sinus signal with a specified frequency and amplidude.]]></description><inputTypes><inputType><name><![CDATA[signalFrequency]]></name><type><![CDATA[1]]></type><countMin><![CDATA[1]]></countMin><countMax><![CDATA[1]]></countMax><defaultValue/><description><![CDATA[Frequency of the signal in oscillations per second (alternativ to signalIIFreq).]]></description></inputType><inputType><name><![CDATA[signalAmplitude]]></name><type><![CDATA[2]]></type><countMin><![CDATA[1]]></countMin><countMax><![CDATA[1]]></countMax><defaultValue><![CDATA[1.0]]></defaultValue><description><![CDATA[Amplidude of the signal between 0 and 1.]]></description></inputType><inputType><name><![CDATA[signalShift]]></name><type><![CDATA[3]]></type><countMin><![CDATA[1]]></countMin><countMax><![CDATA[-1]]></countMax><defaultValue><![CDATA[0.0]]></defaultValue><description><![CDATA[The offset of the sinus between -1 and 1 (0 is no shift, 0.5 is shifting a half oscillation).]]></description></inputType><inputType><name><![CDATA[signalIIFreq]]></name><type><![CDATA[4]]></type><countMin><![CDATA[-1]]></countMin><countMax><![CDATA[-1]]></countMax><defaultValue/><description><![CDATA[Input of the sinus signal (alternativ to signalFrequency).]]></description></inputType></inputTypes></generatorType><generatorType><generatorTypeClassName><![CDATA[de.schmiereck.noiseComp.generator.GeneratorTypeData]]></generatorTypeClassName><generatorClassName><![CDATA[de.schmiereck.noiseComp.generator.RectangleGenerator]]></generatorClassName><folderPath><![CDATA[/]]></folderPath><name><![CDATA[Rectangle]]></name><description><![CDATA[Generates a rectangle signal with a specified frequency and amplidude.]]></description><inputTypes><inputType><name><![CDATA[signalFrequency]]></name><type><![CDATA[1]]></type><countMin><![CDATA[1]]></countMin><countMax><![CDATA[1]]></countMax><defaultValue><![CDATA[1.0]]></defaultValue><description><![CDATA[Frequency of the signal in oscillations per second.]]></description></inputType><inputType><name><![CDATA[signalAmplitude]]></name><type><![CDATA[2]]></type><countMin><![CDATA[1]]></countMin><countMax><![CDATA[1]]></countMax><defaultValue><![CDATA[1.0]]></defaultValue><description><![CDATA[Amplidude of the signal between 0 and 1.]]></description></inputType><inputType><name><![CDATA[signalShift]]></name><type><![CDATA[3]]></type><countMin><![CDATA[1]]></countMin><countMax><![CDATA[0]]></countMax><defaultValue><![CDATA[0.0]]></defaultValue><description><![CDATA[The offset of the rectangle between -1 and 1 (0 is no shift, 0.5 is shifting a half oscillation).]]></description></inputType></inputTypes></generatorType><generatorType><generatorTypeClassName><![CDATA[de.schmiereck.noiseComp.generator.GeneratorTypeData]]></generatorTypeClassName><generatorClassName><![CDATA[de.schmiereck.noiseComp.generator.TriangelGenerator]]></generatorClassName><folderPath><![CDATA[/]]></folderPath><name><![CDATA[Triangel]]></name><description><![CDATA[Generates a triangel signal with a specified frequency and amplidude.]]></description><inputTypes><inputType><name><![CDATA[signalFrequency]]></name><type><![CDATA[1]]></type><countMin><![CDATA[1]]></countMin><countMax><![CDATA[1]]></countMax><defaultValue><![CDATA[1.0]]></defaultValue><description><![CDATA[Frequency of the signal in oscillations per second.]]></description></inputType><inputType><name><![CDATA[signalAmplitude]]></name><type><![CDATA[2]]></type><countMin><![CDATA[1]]></countMin><countMax><![CDATA[1]]></countMax><defaultValue><![CDATA[1.0]]></defaultValue><description><![CDATA[Amplidude of the signal between 0 and 1.]]></description></inputType><inputType><name><![CDATA[signalShift]]></name><type><![CDATA[3]]></type><countMin><![CDATA[1]]></countMin><countMax><![CDATA[0]]></countMax><defaultValue><![CDATA[0.0]]></defaultValue><description><![CDATA[The offset of the triangel between -1 and 1 (0 is no shift, 0.5 is shifting a half oscillation).]]></description></inputType></inputTypes></generatorType><generatorType><generatorTypeClassName><![CDATA[de.schmiereck.noiseComp.generator.GeneratorTypeData]]></generatorTypeClassName><generatorClassName><![CDATA[de.schmiereck.noiseComp.generator.SawtoothGenerator]]></generatorClassName><folderPath><![CDATA[/]]></folderPath><name><![CDATA[Sawtooth]]></name><description><![CDATA[Generates a sawtooth signal with a specified frequency and amplidude.]]></description><inputTypes><inputType><name><![CDATA[signalFrequency]]></name><type><![CDATA[1]]></type><countMin><![CDATA[1]]></countMin><countMax><![CDATA[1]]></countMax><defaultValue><![CDATA[1.0]]></defaultValue><description><![CDATA[Frequency of the signal in oscillations per second.]]></description></inputType><inputType><name><![CDATA[signalAmplitude]]></name><type><![CDATA[2]]></type><countMin><![CDATA[1]]></countMin><countMax><![CDATA[1]]></countMax><defaultValue><![CDATA[1.0]]></defaultValue><description><![CDATA[Amplidude of the signal between 0 and 1.]]></description></inputType><inputType><name><![CDATA[signalShift]]></name><type><![CDATA[3]]></type><countMin><![CDATA[1]]></countMin><countMax><![CDATA[0]]></countMax><defaultValue><![CDATA[0.0]]></defaultValue><description><![CDATA[The offset of the sawtooth between -1 and 1 (0 is no shift, 0.5 is shifting a half oscillation).]]></description></inputType></inputTypes></generatorType><generatorType><generatorTypeClassName><![CDATA[de.schmiereck.noiseComp.generator.GeneratorTypeData]]></generatorTypeClassName><generatorClassName><![CDATA[de.schmiereck.noiseComp.generator.CutGenerator]]></generatorClassName><folderPath><![CDATA[/]]></folderPath><name><![CDATA[Cut]]></name><description><![CDATA[Cut the input singnal to the given minimum and maximum values.]]></description><inputTypes><inputType><name><![CDATA[signalMaximum]]></name><type><![CDATA[1]]></type><countMin><![CDATA[1]]></countMin><countMax><![CDATA[1]]></countMax><defaultValue><![CDATA[1.0]]></defaultValue><description><![CDATA[Mamximum of the signal value.]]></description></inputType><inputType><name><![CDATA[signalMinimum]]></name><type><![CDATA[2]]></type><countMin><![CDATA[1]]></countMin><countMax><![CDATA[1]]></countMax><defaultValue><![CDATA[-1.0]]></defaultValue><description><![CDATA[Minimum of the signal value.]]></description></inputType><inputType><name><![CDATA[signal]]></name><type><![CDATA[3]]></type><countMin><![CDATA[1]]></countMin><countMax><![CDATA[1]]></countMax><defaultValue><![CDATA[0.0]]></defaultValue><description><![CDATA[Signal value.]]></description></inputType></inputTypes></generatorType><generatorType><generatorTypeClassName><![CDATA[de.schmiereck.noiseComp.generator.GeneratorTypeData]]></generatorTypeClassName><generatorClassName><![CDATA[de.schmiereck.noiseComp.generator.WaveGenerator]]></generatorClassName><folderPath><![CDATA[/]]></folderPath><name><![CDATA[Wave File]]></name><description><![CDATA[Plays a Wave file from file system.]]></description><inputTypes><inputType><name><![CDATA[fileName]]></name><type><![CDATA[1]]></type><countMin><![CDATA[1]]></countMin><countMax><![CDATA[1]]></countMax><defaultValue/><description><![CDATA[Is the file name of a .WAV file.]]></description></inputType></inputTypes></generatorType><generatorType><generatorTypeClassName><![CDATA[de.schmiereck.noiseComp.generator.GeneratorTypeData]]></generatorTypeClassName><generatorClassName><![CDATA[de.schmiereck.noiseComp.generator.ASRPulseGenerator]]></generatorClassName><folderPath><![CDATA[/]]></folderPath><name><![CDATA[ASRPulse]]></name><description><![CDATA[Generates a pulse signal with a specified frequency and amplidude and puls shape.]]></description><inputTypes><inputType><name><![CDATA[signalFrequency]]></name><type><![CDATA[1]]></type><countMin><![CDATA[1]]></countMin><countMax><![CDATA[1]]></countMax><defaultValue><![CDATA[1.0]]></defaultValue><description><![CDATA[Frequency of the pulse in oscillations per second.]]></description></inputType><inputType><name><![CDATA[signalAmplitude]]></name><type><![CDATA[2]]></type><countMin><![CDATA[1]]></countMin><countMax><![CDATA[1]]></countMax><defaultValue><![CDATA[1.0]]></defaultValue><description><![CDATA[Amplidude of the pulse between 0 and 1.]]></description></inputType><inputType><name><![CDATA[attackTime]]></name><type><![CDATA[3]]></type><countMin><![CDATA[1]]></countMin><countMax><![CDATA[1]]></countMax><defaultValue><![CDATA[0.1]]></defaultValue><description><![CDATA[The attack time of the pulse in percent between 0.0 and 1.0.]]></description></inputType><inputType><name><![CDATA[sustainTime]]></name><type><![CDATA[4]]></type><countMin><![CDATA[1]]></countMin><countMax><![CDATA[1]]></countMax><defaultValue><![CDATA[0.3]]></defaultValue><description><![CDATA[The sustain time of the pulse in percent between 0.0 and 1.0.]]></description></inputType><inputType><name><![CDATA[releaseTime]]></name><type><![CDATA[5]]></type><countMin><![CDATA[1]]></countMin><countMax><![CDATA[1]]></countMax><defaultValue><![CDATA[0.2]]></defaultValue><description><![CDATA[The release time of the pulse in percent between 0.0 and 1.0.]]></description></inputType></inputTypes></generatorType><generatorType><generatorTypeClassName><![CDATA[de.schmiereck.noiseComp.generator.GeneratorTypeData]]></generatorTypeClassName><generatorClassName><![CDATA[de.schmiereck.noiseComp.generator.WhiteNoiseGenerator]]></generatorClassName><folderPath><![CDATA[/]]></folderPath><name><![CDATA[White Gaussian Noise]]></name><description><![CDATA[Generate White Gaussian Noise with variance and mean.]]></description><inputTypes><inputType><name><![CDATA[variance]]></name><type><![CDATA[2]]></type><countMin><![CDATA[-1]]></countMin><countMax><![CDATA[-1]]></countMax><defaultValue/><description><![CDATA[The variance.]]></description></inputType><inputType><name><![CDATA[mean]]></name><type><![CDATA[1]]></type><countMin><![CDATA[-1]]></countMin><countMax><![CDATA[-1]]></countMax><defaultValue/><description><![CDATA[The mean.]]></description></inputType></inputTypes></generatorType><generatorType><generatorTypeClassName><![CDATA[de.schmiereck.noiseComp.generator.GeneratorTypeData]]></generatorTypeClassName><generatorClassName><![CDATA[de.schmiereck.noiseComp.generator.PinkNoiseGenerator]]></generatorClassName><folderPath><![CDATA[/]]></folderPath><name><![CDATA[Pink Noise]]></name><description><![CDATA[Generate White Gaussian Noise with variance and mean.]]></description><inputTypes><inputType><name><![CDATA[variance]]></name><type><![CDATA[2]]></type><countMin><![CDATA[-1]]></countMin><countMax><![CDATA[-1]]></countMax><defaultValue/><description><![CDATA[The variance.]]></description></inputType><inputType><name><![CDATA[mean]]></name><type><![CDATA[1]]></type><countMin><![CDATA[-1]]></countMin><countMax><![CDATA[-1]]></countMax><defaultValue/><description><![CDATA[The mean.]]></description></inputType></inputTypes></generatorType><generatorType><generatorTypeClassName><![CDATA[de.schmiereck.noiseComp.generator.GeneratorTypeData]]></generatorTypeClassName><generatorClassName><![CDATA[de.schmiereck.noiseComp.generator.PinkNoise2Generator]]></generatorClassName><folderPath><![CDATA[/]]></folderPath><name><![CDATA[Pink Noise 2]]></name><description><![CDATA[Generate White Gaussian Noise with variance, mean, alpha and poles.]]></description><inputTypes><inputType><name><![CDATA[variance]]></name><type><![CDATA[2]]></type><countMin><![CDATA[-1]]></countMin><countMax><![CDATA[-1]]></countMax><defaultValue/><description><![CDATA[The variance (default 0).]]></description></inputType><inputType><name><![CDATA[mean]]></name><type><![CDATA[1]]></type><countMin><![CDATA[-1]]></countMin><countMax><![CDATA[-1]]></countMax><defaultValue/><description><![CDATA[The mean (default 0).]]></description></inputType><inputType><name><![CDATA[alpha]]></name><type><![CDATA[3]]></type><countMin><![CDATA[-1]]></countMin><countMax><![CDATA[-1]]></countMax><defaultValue/><description><![CDATA[The alpha (default 0, alpha 1 is pink, alpha 2 is brown, 0 to 2).]]></description></inputType><inputType><name><![CDATA[poles]]></name><type><![CDATA[4]]></type><countMin><![CDATA[-1]]></countMin><countMax><![CDATA[-1]]></countMax><defaultValue/><description><![CDATA[The poles (default 2).]]></description></inputType></inputTypes></generatorType><generatorType><generatorTypeClassName><![CDATA[de.schmiereck.noiseComp.generator.GeneratorTypeData]]></generatorTypeClassName><generatorClassName><![CDATA[de.schmiereck.noiseComp.generator.TanhGenerator]]></generatorClassName><folderPath><![CDATA[/]]></folderPath><name><![CDATA[tanh]]></name><description><![CDATA[Math.tanh Generator.]]></description><inputTypes><inputType><name><![CDATA[signal]]></name><type><![CDATA[1]]></type><countMin><![CDATA[1]]></countMin><countMax><![CDATA[1]]></countMax><defaultValue/><description><![CDATA[Is a signal between -1 and 1 send to output speakers.]]></description></inputType></inputTypes></generatorType><generatorType><generatorTypeClassName><![CDATA[de.schmiereck.noiseComp.generator.GeneratorTypeData]]></generatorTypeClassName><generatorClassName><![CDATA[de.schmiereck.noiseComp.generator.ExponentGenerator]]></generatorClassName><folderPath><![CDATA[/]]></folderPath><name><![CDATA[exponent]]></name><description><![CDATA[Exponent Generator.]]></description><inputTypes><inputType><name><![CDATA[signal]]></name><type><![CDATA[1]]></type><countMin><![CDATA[1]]></countMin><countMax><![CDATA[1]]></countMax><defaultValue/><description><![CDATA[Is a signal between -1 and 1 send to output speakers.]]></description></inputType></inputTypes></generatorType><generatorType><generatorTypeClassName><![CDATA[de.schmiereck.noiseComp.generator.GeneratorTypeData]]></generatorTypeClassName><generatorClassName><![CDATA[de.schmiereck.noiseComp.generator.IntegratorGenerator]]></generatorClassName><folderPath><![CDATA[/]]></folderPath><name><![CDATA[Integrator]]></name><description><![CDATA[Integrates multiple signal input lines.]]></description><inputTypes><inputType><name><![CDATA[signal]]></name><type><![CDATA[1]]></type><countMin><![CDATA[-1]]></countMin><countMax><![CDATA[-1]]></countMax><defaultValue/><description><![CDATA[The input signal between -1 and 1.]]></description></inputType></inputTypes></generatorType><generatorType><generatorTypeClassName><![CDATA[de.schmiereck.noiseComp.generator.GeneratorTypeData]]></generatorTypeClassName><generatorClassName><![CDATA[de.schmiereck.noiseComp.generator.EchoGenerator]]></generatorClassName><folderPath><![CDATA[/]]></folderPath><name><![CDATA[echo]]></name><description><![CDATA[Echo Generator.]]></description><inputTypes><inputType><name><![CDATA[signal]]></name><type><![CDATA[1]]></type><countMin><![CDATA[1]]></countMin><countMax><![CDATA[1]]></countMax><defaultValue/><description><![CDATA[The input signal between -1 and 1.]]></description></inputType><inputType><name><![CDATA[echos]]></name><type><![CDATA[2]]></type><countMin><![CDATA[1]]></countMin><countMax><![CDATA[1]]></countMax><defaultValue/><description><![CDATA[Count of echos.]]></description></inputType><inputType><name><![CDATA[delay]]></name><type><![CDATA[3]]></type><countMin><![CDATA[1]]></countMin><countMax><![CDATA[1]]></countMax><defaultValue/><description><![CDATA[Delay (Verzögerung).]]></description></inputType><inputType><name><![CDATA[decay]]></name><type><![CDATA[4]]></type><countMin><![CDATA[1]]></countMin><countMax><![CDATA[1]]></countMax><defaultValue/><description><![CDATA[Decay (Dämpfung).]]></description></inputType></inputTypes></generatorType><generatorType><generatorTypeClassName><![CDATA[de.schmiereck.noiseComp.generator.GeneratorTypeData]]></generatorTypeClassName><generatorClassName><![CDATA[de.schmiereck.noiseComp.generator.FilterGenerator]]></generatorClassName><folderPath><![CDATA[/]]></folderPath><name><![CDATA[filter]]></name><description><![CDATA[Filter Generator.]]></description><inputTypes><inputType><name><![CDATA[signal]]></name><type><![CDATA[1]]></type><countMin><![CDATA[1]]></countMin><countMax><![CDATA[1]]></countMax><defaultValue/><description><![CDATA[Is a signal between -1 and 1.]]></description></inputType><inputType><name><![CDATA[filter]]></name><type><![CDATA[2]]></type><countMin><![CDATA[1]]></countMin><countMax><![CDATA[1]]></countMax><defaultValue/><description><![CDATA[Is a filter between 0 and 1.]]></description></inputType></inputTypes></generatorType><generatorType><generatorTypeClassName><![CDATA[de.schmiereck.noiseComp.generator.ModulGeneratorTypeData]]></generatorTypeClassName><generatorClassName><![CDATA[de.schmiereck.noiseComp.generator.ModulGenerator#synth1]]></generatorClassName><folderPath><![CDATA[/File/Modules/synths/synth1/]]></folderPath><name><![CDATA[synth1]]></name><description><![CDATA[Manages a Group of other generators.]]></description><view><zoomX><![CDATA[303.7499]]></zoomX><ticksCount><![CDATA[1.0]]></ticksCount><ticksPer/></view><inputTypes><inputType><name><![CDATA[freq]]></name><type><![CDATA[1]]></type><countMin><![CDATA[-1]]></countMin><countMax><![CDATA[-1]]></countMax><defaultValue><![CDATA[440.0]]></defaultValue><description/></inputType><inputType><name><![CDATA[amp]]></name><type><![CDATA[2]]></type><countMin><![CDATA[-1]]></countMin><countMax><![CDATA[-1]]></countMax><defaultValue><![CDATA[1.0]]></defaultValue><description/></inputType></inputTypes><generators><generator><folderPath/><type><![CDATA[de.schmiereck.noiseComp.generator.SinusGenerator]]></type><name><![CDATA[sinus0]]></name><startTime><![CDATA[0.0]]></startTime><endTime><![CDATA[5.0]]></endTime><inputs><input><type><![CDATA[1]]></type><value/><stringValue/><inputModulInputType><![CDATA[1]]></inputModulInputType></input><input><type><![CDATA[2]]></type><value><![CDATA[1.0]]></value><stringValue><![CDATA[1,0]]></stringValue></input></inputs></generator><generator><folderPath/><type><![CDATA[de.schmiereck.noiseComp.generator.MixerGenerator]]></type><name><![CDATA[f1]]></name><startTime><![CDATA[0.0]]></startTime><endTime><![CDATA[5.0]]></endTime><inputs><input><type><![CDATA[2]]></type><value><![CDATA[2.0]]></value><stringValue><![CDATA[2]]></stringValue></input><input><type><![CDATA[1]]></type><value/><stringValue/><inputModulInputType><![CDATA[1]]></inputModulInputType></input></inputs></generator><generator><folderPath/><type><![CDATA[de.schmiereck.noiseComp.generator.SinusGenerator]]></type><name><![CDATA[sinus1]]></name><startTime><![CDATA[0.0]]></startTime><endTime><![CDATA[5.0]]></endTime><inputs><input><generatorName><![CDATA[f1]]></generatorName><type><![CDATA[1]]></type><value><![CDATA[200.0]]></value><stringValue><![CDATA[200,0]]></stringValue></input><input><type><![CDATA[2]]></type><value><![CDATA[0.5]]></value><stringValue><![CDATA[,5]]></stringValue></input></inputs></generator><generator><folderPath/><type><![CDATA[de.schmiereck.noiseComp.generator.MixerGenerator]]></type><name><![CDATA[f2]]></name><startTime><![CDATA[0.0]]></startTime><endTime><![CDATA[5.0]]></endTime><inputs><input><type><![CDATA[2]]></type><value><![CDATA[4.0]]></value><stringValue><![CDATA[4]]></stringValue></input><input><type><![CDATA[1]]></type><value/><stringValue/><inputModulInputType><![CDATA[1]]></inputModulInputType></input></inputs></generator><generator><folderPath/><type><![CDATA[de.schmiereck.noiseComp.generator.SinusGenerator]]></type><name><![CDATA[sinus2]]></name><startTime><![CDATA[0.0]]></startTime><endTime><![CDATA[5.0]]></endTime><inputs><input><generatorName><![CDATA[f2]]></generatorName><type><![CDATA[1]]></type><value/><stringValue/></input><input><type><![CDATA[2]]></type><value><![CDATA[0.25]]></value><stringValue><![CDATA[0,25]]></stringValue></input></inputs></generator><generator><folderPath/><type><![CDATA[de.schmiereck.noiseComp.generator.MixerGenerator]]></type><name><![CDATA[f3]]></name><startTime><![CDATA[0.0]]></startTime><endTime><![CDATA[5.0]]></endTime><inputs><input><type><![CDATA[2]]></type><value><![CDATA[8.0]]></value><stringValue><![CDATA[8]]></stringValue></input><input><type><![CDATA[1]]></type><value/><stringValue/><inputModulInputType><![CDATA[1]]></inputModulInputType></input></inputs></generator><generator><folderPath/><type><![CDATA[de.schmiereck.noiseComp.generator.SinusGenerator]]></type><name><![CDATA[sinus3]]></name><startTime><![CDATA[0.0]]></startTime><endTime><![CDATA[5.0]]></endTime><inputs><input><generatorName><![CDATA[f3]]></generatorName><type><![CDATA[1]]></type><value/><stringValue/></input><input><type><![CDATA[2]]></type><value><![CDATA[0.125]]></value><stringValue><![CDATA[0,125]]></stringValue></input></inputs></generator><generator><folderPath/><type><![CDATA[de.schmiereck.noiseComp.generator.MixerGenerator]]></type><name><![CDATA[f4]]></name><startTime><![CDATA[0.0]]></startTime><endTime><![CDATA[5.0]]></endTime><inputs><input><type><![CDATA[2]]></type><value><![CDATA[16.0]]></value><stringValue><![CDATA[16]]></stringValue></input><input><type><![CDATA[1]]></type><value/><stringValue/><inputModulInputType><![CDATA[1]]></inputModulInputType></input></inputs></generator><generator><folderPath/><type><![CDATA[de.schmiereck.noiseComp.generator.SinusGenerator]]></type><name><![CDATA[sinus4]]></name><startTime><![CDATA[0.0]]></startTime><endTime><![CDATA[5.0]]></endTime><inputs><input><generatorName><![CDATA[f4]]></generatorName><type><![CDATA[1]]></type><value/><stringValue/></input><input><type><![CDATA[2]]></type><value><![CDATA[0.0625]]></value><stringValue><![CDATA[0,0625]]></stringValue></input></inputs></generator><generator><folderPath/><type><![CDATA[de.schmiereck.noiseComp.generator.MixerGenerator]]></type><name><![CDATA[f5]]></name><startTime><![CDATA[0.0]]></startTime><endTime><![CDATA[5.0]]></endTime><inputs><input><type><![CDATA[2]]></type><value><![CDATA[32.0]]></value><stringValue><![CDATA[32]]></stringValue></input><input><type><![CDATA[1]]></type><value/><stringValue/><inputModulInputType><![CDATA[1]]></inputModulInputType></input></inputs></generator><generator><folderPath/><type><![CDATA[de.schmiereck.noiseComp.generator.SinusGenerator]]></type><name><![CDATA[sinus5]]></name><startTime><![CDATA[0.0]]></startTime><endTime><![CDATA[5.0]]></endTime><inputs><input><generatorName><![CDATA[f5]]></generatorName><type><![CDATA[1]]></type><value/><stringValue/></input><input><type><![CDATA[2]]></type><value><![CDATA[0.03125]]></value><stringValue><![CDATA[0,03125]]></stringValue></input></inputs></generator><generator><folderPath/><type><![CDATA[de.schmiereck.noiseComp.generator.MixerGenerator]]></type><name><![CDATA[mixer]]></name><startTime><![CDATA[0.0]]></startTime><endTime><![CDATA[5.0]]></endTime><inputs><input><type><![CDATA[1]]></type><value><![CDATA[0.5]]></value><stringValue/></input><input><generatorName><![CDATA[sinus0]]></generatorName><type><![CDATA[2]]></type><value/><stringValue/></input><input><generatorName><![CDATA[sinus1]]></generatorName><type><![CDATA[2]]></type><value/><stringValue/></input><input><generatorName><![CDATA[sinus2]]></generatorName><type><![CDATA[2]]></type><value/><stringValue/></input><input><generatorName><![CDATA[sinus3]]></generatorName><type><![CDATA[2]]></type><value/><stringValue/></input><input><generatorName><![CDATA[sinus4]]></generatorName><type><![CDATA[2]]></type><value/><stringValue/></input><input><generatorName><![CDATA[sinus5]]></generatorName><type><![CDATA[2]]></type><value/><stringValue/></input><input><type><![CDATA[1]]></type><value/><stringValue/><inputModulInputType><![CDATA[2]]></inputModulInputType></input></inputs></generator><generator><folderPath/><type><![CDATA[de.schmiereck.noiseComp.generator.OutputGenerator]]></type><name><![CDATA[output]]></name><startTime><![CDATA[0.0]]></startTime><endTime><![CDATA[5.0]]></endTime><inputs><input><generatorName><![CDATA[mixer]]></generatorName><type><![CDATA[1]]></type><value/><stringValue/></input></inputs></generator></generators><tracks><track><generatorName><![CDATA[sinus0]]></generatorName></track><track><generatorName><![CDATA[f1]]></generatorName></track><track><generatorName><![CDATA[sinus1]]></generatorName></track><track><generatorName><![CDATA[f2]]></generatorName></track><track><generatorName><![CDATA[sinus2]]></generatorName></track><track><generatorName><![CDATA[f3]]></generatorName></track><track><generatorName><![CDATA[sinus3]]></generatorName></track><track><generatorName><![CDATA[f4]]></generatorName></track><track><generatorName><![CDATA[sinus4]]></generatorName></track><track><generatorName><![CDATA[f5]]></generatorName></track><track><generatorName><![CDATA[sinus5]]></generatorName></track><track><generatorName><![CDATA[mixer]]></generatorName></track><track><generatorName><![CDATA[output]]></generatorName></track></tracks></generatorType><generatorType><generatorTypeClassName><![CDATA[de.schmiereck.noiseComp.generator.ModulGeneratorTypeData]]></generatorTypeClassName><generatorClassName><![CDATA[de.schmiereck.noiseComp.generator.ModulGenerator#synth1-line]]></generatorClassName><folderPath><![CDATA[/File/Modules/synths/synth1/]]></folderPath><name><![CDATA[synth1-line]]></name><description><![CDATA[Manages a Group of other generators.]]></description><isMain><![CDATA[true]]></isMain><view><zoomX><![CDATA[90.0]]></zoomX><ticksCount><![CDATA[8.0]]></ticksCount><ticksPer/></view><inputTypes/><generators><generator><folderPath><![CDATA[/File/Modules/synths/synth1/]]></folderPath><type><![CDATA[de.schmiereck.noiseComp.generator.ModulGenerator#synth1]]></type><name><![CDATA[s1]]></name><startTime><![CDATA[0.0]]></startTime><endTime><![CDATA[0.875]]></endTime><inputs><input><type><![CDATA[1]]></type><value><![CDATA[440.0]]></value><stringValue><![CDATA[440,0]]></stringValue></input></inputs></generator><generator><folderPath><![CDATA[/File/Modules/synths/synth1/]]></folderPath><type><![CDATA[de.schmiereck.noiseComp.generator.ModulGenerator#synth1]]></type><name><![CDATA[s2]]></name><startTime><![CDATA[1.0]]></startTime><endTime><![CDATA[1.875]]></endTime><inputs><input><type><![CDATA[1]]></type><value><![CDATA[392.0]]></value><stringValue><![CDATA[392,0]]></stringValue></input></inputs></generator><generator><folderPath><![CDATA[/File/Modules/synths/synth1/]]></folderPath><type><![CDATA[de.schmiereck.noiseComp.generator.ModulGenerator#synth1]]></type><name><![CDATA[s3]]></name><startTime><![CDATA[2.0]]></startTime><endTime><![CDATA[2.625]]></endTime><inputs><input><type><![CDATA[1]]></type><value><![CDATA[349.0]]></value><stringValue><![CDATA[349,0]]></stringValue></input><input><type><![CDATA[2]]></type><value><![CDATA[0.75]]></value><stringValue><![CDATA[0,75]]></stringValue></input></inputs></generator><generator><folderPath><![CDATA[/File/Modules/synths/synth1/]]></folderPath><type><![CDATA[de.schmiereck.noiseComp.generator.ModulGenerator#synth1]]></type><name><![CDATA[s4]]></name><startTime><![CDATA[2.75]]></startTime><endTime><![CDATA[3.625]]></endTime><inputs><input><type><![CDATA[1]]></type><value><![CDATA[131.0]]></value><stringValue><![CDATA[131,0]]></stringValue></input></inputs></generator><generator><folderPath><![CDATA[/File/Modules/synths/synth1/]]></folderPath><type><![CDATA[de.schmiereck.noiseComp.generator.ModulGenerator#synth1]]></type><name><![CDATA[s5]]></name><startTime><![CDATA[3.75]]></startTime><endTime><![CDATA[4.5]]></endTime><inputs><input><type><![CDATA[1]]></type><value><![CDATA[165.0]]></value><stringValue><![CDATA[165,0]]></stringValue></input><input><type><![CDATA[2]]></type><value><![CDATA[0.75]]></value><stringValue><![CDATA[0,75]]></stringValue></input></inputs></generator><generator><folderPath><![CDATA[/File/Modules/synths/synth1/]]></folderPath><type><![CDATA[de.schmiereck.noiseComp.generator.ModulGenerator#synth1]]></type><name><![CDATA[s6]]></name><startTime><![CDATA[4.625]]></startTime><endTime><![CDATA[5.625]]></endTime><inputs><input><type><![CDATA[1]]></type><value><![CDATA[196.0]]></value><stringValue><![CDATA[196,0]]></stringValue></input><input><type><![CDATA[2]]></type><value><![CDATA[0.5]]></value><stringValue><![CDATA[0,5]]></stringValue></input></inputs></generator><generator><folderPath/><type><![CDATA[de.schmiereck.noiseComp.generator.FaderGenerator]]></type><name><![CDATA[f7]]></name><startTime><![CDATA[5.125]]></startTime><endTime><![CDATA[6.875]]></endTime><inputs><input><type><![CDATA[1]]></type><value><![CDATA[0.75]]></value><stringValue><![CDATA[0,75]]></stringValue></input><input><type><![CDATA[2]]></type><value><![CDATA[0.25]]></value><stringValue><![CDATA[0,25]]></stringValue></input></inputs></generator><generator><folderPath><![CDATA[/File/Modules/synths/synth1/]]></folderPath><type><![CDATA[de.schmiereck.noiseComp.generator.ModulGenerator#synth1]]></type><name><![CDATA[s7]]></name><startTime><![CDATA[5.125]]></startTime><endTime><![CDATA[6.875]]></endTime><inputs><input><type><![CDATA[1]]></type><value><![CDATA[262.0]]></value><stringValue><![CDATA[262,0]]></stringValue></input><input><generatorName><![CDATA[f7]]></generatorName><type><![CDATA[2]]></type><value/><stringValue/></input></inputs></generator><generator><folderPath/><type><![CDATA[de.schmiereck.noiseComp.generator.MixerGenerator]]></type><name><![CDATA[m]]></name><startTime><![CDATA[0.0]]></startTime><endTime><![CDATA[10.0]]></endTime><inputs><input><generatorName><![CDATA[s1]]></generatorName><type><![CDATA[2]]></type><value/><stringValue/></input><input><generatorName><![CDATA[s2]]></generatorName><type><![CDATA[2]]></type><value/><stringValue/></input><input><generatorName><![CDATA[s3]]></generatorName><type><![CDATA[2]]></type><value/><stringValue/></input><input><generatorName><![CDATA[s4]]></generatorName><type><![CDATA[2]]></type><value/><stringValue/></input><input><generatorName><![CDATA[s5]]></generatorName><type><![CDATA[2]]></type><value/><stringValue/></input><input><generatorName><![CDATA[s6]]></generatorName><type><![CDATA[2]]></type><value/><stringValue/></input><input><generatorName><![CDATA[s7]]></generatorName><type><![CDATA[2]]></type><value/><stringValue/></input></inputs></generator><generator><folderPath/><type><![CDATA[de.schmiereck.noiseComp.generator.OutputGenerator]]></type><name><![CDATA[o]]></name><startTime><![CDATA[0.0]]></startTime><endTime><![CDATA[10.0]]></endTime><inputs><input><generatorName><![CDATA[m]]></generatorName><type><![CDATA[1]]></type><value/><stringValue/></input></inputs></generator></generators><tracks><track><generatorName><![CDATA[s1]]></generatorName></track><track><generatorName><![CDATA[s2]]></generatorName></track><track><generatorName><![CDATA[s3]]></generatorName></track><track><generatorName><![CDATA[s4]]></generatorName></track><track><generatorName><![CDATA[s5]]></generatorName></track><track><generatorName><![CDATA[s6]]></generatorName></track><track><generatorName><![CDATA[f7]]></generatorName></track><track><generatorName><![CDATA[s7]]></generatorName></track><track><generatorName><![CDATA[m]]></generatorName></track><track><generatorName><![CDATA[o]]></generatorName></track></tracks></generatorType><generatorType><generatorTypeClassName><![CDATA[de.schmiereck.noiseComp.generator.GeneratorTypeData]]></generatorTypeClassName><generatorClassName/><folderPath><![CDATA[/File/Modules/synths/]]></folderPath><name/><description/><inputTypes/></generatorType><generatorType><generatorTypeClassName><![CDATA[de.schmiereck.noiseComp.generator.GeneratorTypeData]]></generatorTypeClassName><generatorClassName/><folderPath><![CDATA[/File/Modules/synths/synth1/]]></folderPath><name/><description/><inputTypes/></generatorType></generatorTypes></noise>