<?xml version="1.0" encoding="UTF-8" standalone="no"?><noise><version><![CDATA[2.0]]></version><generatorTypes><generatorType><generatorTypeClassName><![CDATA[de.schmiereck.noiseComp.generator.GeneratorTypeData]]></generatorTypeClassName><generatorClassName><![CDATA[de.schmiereck.noiseComp.generator.FaderGenerator]]></generatorClassName><name><![CDATA[Fader]]></name><description><![CDATA[Fades linear from a start to a end value.]]></description><inputTypes><inputType><name><![CDATA[startFadeValue]]></name><type><![CDATA[1]]></type><countMin><![CDATA[1]]></countMin><countMax><![CDATA[1]]></countMax><defaultValue/><description><![CDATA[Start value between -1 and 1 of the fading over generator length (other value ranges can used).]]></description></inputType><inputType><name><![CDATA[endFadeValue]]></name><type><![CDATA[2]]></type><countMin><![CDATA[1]]></countMin><countMax><![CDATA[1]]></countMax><defaultValue/><description><![CDATA[End value between -1 and 1 of the fading over generator length (other value ranges can used).]]></description></inputType></inputTypes></generatorType><generatorType><generatorTypeClassName><![CDATA[de.schmiereck.noiseComp.generator.GeneratorTypeData]]></generatorTypeClassName><generatorClassName><![CDATA[de.schmiereck.noiseComp.generator.MixerGenerator]]></generatorClassName><name><![CDATA[Mixer]]></name><description><![CDATA[Mixes multiple signal input lines and scale them with a volume.]]></description><inputTypes><inputType><name><![CDATA[volume]]></name><type><![CDATA[1]]></type><countMin><![CDATA[-1]]></countMin><countMax><![CDATA[-1]]></countMax><defaultValue/><description><![CDATA[The volume of the output singal between 0 and 1 (average is calculated if more then one volume is connected).]]></description></inputType><inputType><name><![CDATA[signal]]></name><type><![CDATA[2]]></type><countMin><![CDATA[-1]]></countMin><countMax><![CDATA[-1]]></countMax><defaultValue/><description><![CDATA[The input signal between -1 and 1 (average is calculated if more then one volume is connected).]]></description></inputType></inputTypes></generatorType><generatorType><generatorTypeClassName><![CDATA[de.schmiereck.noiseComp.generator.GeneratorTypeData]]></generatorTypeClassName><generatorClassName><![CDATA[de.schmiereck.noiseComp.generator.MultiplierGenerator]]></generatorClassName><name><![CDATA[Multiplier]]></name><description><![CDATA[Multiply multiple signal input lines and multiply them with a multiplier.]]></description><inputTypes><inputType><name><![CDATA[multiplier]]></name><type><![CDATA[2]]></type><countMin><![CDATA[-1]]></countMin><countMax><![CDATA[-1]]></countMax><defaultValue/><description><![CDATA[The volume of the output singal between 0 and 1 (average is calculated if more then one volume is connected).]]></description></inputType><inputType><name><![CDATA[signal]]></name><type><![CDATA[1]]></type><countMin><![CDATA[-1]]></countMin><countMax><![CDATA[-1]]></countMax><defaultValue/><description><![CDATA[The input signal between -1 and 1 (average is calculated if more then one volume is connected).]]></description></inputType></inputTypes></generatorType><generatorType><generatorTypeClassName><![CDATA[de.schmiereck.noiseComp.generator.GeneratorTypeData]]></generatorTypeClassName><generatorClassName><![CDATA[de.schmiereck.noiseComp.generator.AddGenerator]]></generatorClassName><name><![CDATA[add]]></name><description><![CDATA[Add signals Generator.]]></description><inputTypes><inputType><name><![CDATA[signal]]></name><type><![CDATA[1]]></type><countMin><![CDATA[1]]></countMin><countMax><![CDATA[1]]></countMax><defaultValue/><description><![CDATA[Is a signal.]]></description></inputType></inputTypes></generatorType><generatorType><generatorTypeClassName><![CDATA[de.schmiereck.noiseComp.generator.GeneratorTypeData]]></generatorTypeClassName><generatorClassName><![CDATA[de.schmiereck.noiseComp.generator.OutputGenerator]]></generatorClassName><name><![CDATA[Output]]></name><description><![CDATA[The input signal is audible at the audio hardware.]]></description><inputTypes><inputType><name><![CDATA[signal]]></name><type><![CDATA[1]]></type><countMin><![CDATA[1]]></countMin><countMax><![CDATA[1]]></countMax><defaultValue/><description><![CDATA[Is a signal between -1 and 1 send to output speakers.]]></description></inputType></inputTypes></generatorType><generatorType><generatorTypeClassName><![CDATA[de.schmiereck.noiseComp.generator.GeneratorTypeData]]></generatorTypeClassName><generatorClassName><![CDATA[de.schmiereck.noiseComp.generator.SinusGenerator]]></generatorClassName><name><![CDATA[Sinus]]></name><description><![CDATA[Generates a sinus signal with a specified frequency and amplidude.]]></description><inputTypes><inputType><name><![CDATA[signalFrequency]]></name><type><![CDATA[1]]></type><countMin><![CDATA[1]]></countMin><countMax><![CDATA[1]]></countMax><defaultValue/><description><![CDATA[Frequency of the signal in oscillations per second (alternativ to signalIIFreq).]]></description></inputType><inputType><name><![CDATA[signalAmplitude]]></name><type><![CDATA[2]]></type><countMin><![CDATA[1]]></countMin><countMax><![CDATA[1]]></countMax><defaultValue><![CDATA[1.0]]></defaultValue><description><![CDATA[Amplidude of the signal between 0 and 1.]]></description></inputType><inputType><name><![CDATA[signalShift]]></name><type><![CDATA[3]]></type><countMin><![CDATA[1]]></countMin><countMax><![CDATA[-1]]></countMax><defaultValue><![CDATA[0.0]]></defaultValue><description><![CDATA[The offset of the sinus between -1 and 1 (0 is no shift, 0.5 is shifting a half oscillation).]]></description></inputType><inputType><name><![CDATA[signalIIFreq]]></name><type><![CDATA[4]]></type><countMin><![CDATA[-1]]></countMin><countMax><![CDATA[-1]]></countMax><defaultValue/><description><![CDATA[Input of the sinus signal (alternativ to signalFrequency).]]></description></inputType></inputTypes></generatorType><generatorType><generatorTypeClassName><![CDATA[de.schmiereck.noiseComp.generator.GeneratorTypeData]]></generatorTypeClassName><generatorClassName><![CDATA[de.schmiereck.noiseComp.generator.RectangleGenerator]]></generatorClassName><name><![CDATA[Rectangle]]></name><description><![CDATA[Generates a rectangle signal with a specified frequency and amplidude.]]></description><inputTypes><inputType><name><![CDATA[signalFrequency]]></name><type><![CDATA[1]]></type><countMin><![CDATA[1]]></countMin><countMax><![CDATA[1]]></countMax><defaultValue><![CDATA[1.0]]></defaultValue><description><![CDATA[Frequency of the signal in oscillations per second.]]></description></inputType><inputType><name><![CDATA[signalAmplitude]]></name><type><![CDATA[2]]></type><countMin><![CDATA[1]]></countMin><countMax><![CDATA[1]]></countMax><defaultValue><![CDATA[1.0]]></defaultValue><description><![CDATA[Amplidude of the signal between 0 and 1.]]></description></inputType><inputType><name><![CDATA[signalShift]]></name><type><![CDATA[3]]></type><countMin><![CDATA[1]]></countMin><countMax><![CDATA[0]]></countMax><defaultValue><![CDATA[0.0]]></defaultValue><description><![CDATA[The offset of the rectangle between -1 and 1 (0 is no shift, 0.5 is shifting a half oscillation).]]></description></inputType></inputTypes></generatorType><generatorType><generatorTypeClassName><![CDATA[de.schmiereck.noiseComp.generator.GeneratorTypeData]]></generatorTypeClassName><generatorClassName><![CDATA[de.schmiereck.noiseComp.generator.CutGenerator]]></generatorClassName><name><![CDATA[Cut]]></name><description><![CDATA[Cut the input singnal to the given minimum and maximum values.]]></description><inputTypes><inputType><name><![CDATA[signalMaximum]]></name><type><![CDATA[1]]></type><countMin><![CDATA[1]]></countMin><countMax><![CDATA[1]]></countMax><defaultValue><![CDATA[1.0]]></defaultValue><description><![CDATA[Mamximum of the signal value.]]></description></inputType><inputType><name><![CDATA[signalMinimum]]></name><type><![CDATA[2]]></type><countMin><![CDATA[1]]></countMin><countMax><![CDATA[1]]></countMax><defaultValue><![CDATA[-1.0]]></defaultValue><description><![CDATA[Minimum of the signal value.]]></description></inputType><inputType><name><![CDATA[signal]]></name><type><![CDATA[3]]></type><countMin><![CDATA[1]]></countMin><countMax><![CDATA[1]]></countMax><defaultValue><![CDATA[0.0]]></defaultValue><description><![CDATA[Signal value.]]></description></inputType></inputTypes></generatorType><generatorType><generatorTypeClassName><![CDATA[de.schmiereck.noiseComp.generator.GeneratorTypeData]]></generatorTypeClassName><generatorClassName><![CDATA[de.schmiereck.noiseComp.generator.WaveGenerator]]></generatorClassName><name><![CDATA[Wave File]]></name><description><![CDATA[Plays a Wave file from file system.]]></description><inputTypes><inputType><name><![CDATA[fileName]]></name><type><![CDATA[1]]></type><countMin><![CDATA[1]]></countMin><countMax><![CDATA[1]]></countMax><defaultValue/><description><![CDATA[Is the file name of a .WAV file.]]></description></inputType></inputTypes></generatorType><generatorType><generatorTypeClassName><![CDATA[de.schmiereck.noiseComp.generator.GeneratorTypeData]]></generatorTypeClassName><generatorClassName><![CDATA[de.schmiereck.noiseComp.generator.ASRPulseGenerator]]></generatorClassName><name><![CDATA[ASRPulse]]></name><description><![CDATA[Generates a pulse signal with a specified frequency and amplidude and puls shape.]]></description><inputTypes><inputType><name><![CDATA[signalFrequency]]></name><type><![CDATA[1]]></type><countMin><![CDATA[1]]></countMin><countMax><![CDATA[1]]></countMax><defaultValue><![CDATA[1.0]]></defaultValue><description><![CDATA[Frequency of the pulse in oscillations per second.]]></description></inputType><inputType><name><![CDATA[signalAmplitude]]></name><type><![CDATA[2]]></type><countMin><![CDATA[1]]></countMin><countMax><![CDATA[1]]></countMax><defaultValue><![CDATA[1.0]]></defaultValue><description><![CDATA[Amplidude of the pulse between 0 and 1.]]></description></inputType><inputType><name><![CDATA[attackTime]]></name><type><![CDATA[3]]></type><countMin><![CDATA[1]]></countMin><countMax><![CDATA[1]]></countMax><defaultValue><![CDATA[0.1]]></defaultValue><description><![CDATA[The attack time of the pulse in percent between 0.0 and 1.0.]]></description></inputType><inputType><name><![CDATA[sustainTime]]></name><type><![CDATA[4]]></type><countMin><![CDATA[1]]></countMin><countMax><![CDATA[1]]></countMax><defaultValue><![CDATA[0.3]]></defaultValue><description><![CDATA[The sustain time of the pulse in percent between 0.0 and 1.0.]]></description></inputType><inputType><name><![CDATA[releaseTime]]></name><type><![CDATA[5]]></type><countMin><![CDATA[1]]></countMin><countMax><![CDATA[1]]></countMax><defaultValue><![CDATA[0.2]]></defaultValue><description><![CDATA[The release time of the pulse in percent between 0.0 and 1.0.]]></description></inputType></inputTypes></generatorType><generatorType><generatorTypeClassName><![CDATA[de.schmiereck.noiseComp.generator.GeneratorTypeData]]></generatorTypeClassName><generatorClassName><![CDATA[de.schmiereck.noiseComp.generator.WhiteNoiseGenerator]]></generatorClassName><name><![CDATA[White Gaussian Noise]]></name><description><![CDATA[Generate White Gaussian Noise with variance and mean.]]></description><inputTypes><inputType><name><![CDATA[variance]]></name><type><![CDATA[2]]></type><countMin><![CDATA[-1]]></countMin><countMax><![CDATA[-1]]></countMax><defaultValue/><description><![CDATA[The variance.]]></description></inputType><inputType><name><![CDATA[mean]]></name><type><![CDATA[1]]></type><countMin><![CDATA[-1]]></countMin><countMax><![CDATA[-1]]></countMax><defaultValue/><description><![CDATA[The mean.]]></description></inputType></inputTypes></generatorType><generatorType><generatorTypeClassName><![CDATA[de.schmiereck.noiseComp.generator.GeneratorTypeData]]></generatorTypeClassName><generatorClassName><![CDATA[de.schmiereck.noiseComp.generator.PinkNoiseGenerator]]></generatorClassName><name><![CDATA[Pink Noise]]></name><description><![CDATA[Generate White Gaussian Noise with variance and mean.]]></description><inputTypes><inputType><name><![CDATA[variance]]></name><type><![CDATA[2]]></type><countMin><![CDATA[-1]]></countMin><countMax><![CDATA[-1]]></countMax><defaultValue/><description><![CDATA[The variance.]]></description></inputType><inputType><name><![CDATA[mean]]></name><type><![CDATA[1]]></type><countMin><![CDATA[-1]]></countMin><countMax><![CDATA[-1]]></countMax><defaultValue/><description><![CDATA[The mean.]]></description></inputType></inputTypes></generatorType><generatorType><generatorTypeClassName><![CDATA[de.schmiereck.noiseComp.generator.GeneratorTypeData]]></generatorTypeClassName><generatorClassName><![CDATA[de.schmiereck.noiseComp.generator.PinkNoise2Generator]]></generatorClassName><name><![CDATA[Pink Noise 2]]></name><description><![CDATA[Generate White Gaussian Noise with variance, mean, alpha and poles.]]></description><inputTypes><inputType><name><![CDATA[variance]]></name><type><![CDATA[2]]></type><countMin><![CDATA[-1]]></countMin><countMax><![CDATA[-1]]></countMax><defaultValue/><description><![CDATA[The variance (default 0).]]></description></inputType><inputType><name><![CDATA[mean]]></name><type><![CDATA[1]]></type><countMin><![CDATA[-1]]></countMin><countMax><![CDATA[-1]]></countMax><defaultValue/><description><![CDATA[The mean (default 0).]]></description></inputType><inputType><name><![CDATA[alpha]]></name><type><![CDATA[3]]></type><countMin><![CDATA[-1]]></countMin><countMax><![CDATA[-1]]></countMax><defaultValue/><description><![CDATA[The alpha (default 0, alpha 1 is pink, alpha 2 is brown, 0 to 2).]]></description></inputType><inputType><name><![CDATA[poles]]></name><type><![CDATA[4]]></type><countMin><![CDATA[-1]]></countMin><countMax><![CDATA[-1]]></countMax><defaultValue/><description><![CDATA[The poles (default 2).]]></description></inputType></inputTypes></generatorType><generatorType><generatorTypeClassName><![CDATA[de.schmiereck.noiseComp.generator.GeneratorTypeData]]></generatorTypeClassName><generatorClassName><![CDATA[de.schmiereck.noiseComp.generator.TanhGenerator]]></generatorClassName><name><![CDATA[tanh]]></name><description><![CDATA[Math.tanh Generator.]]></description><inputTypes><inputType><name><![CDATA[signal]]></name><type><![CDATA[1]]></type><countMin><![CDATA[1]]></countMin><countMax><![CDATA[1]]></countMax><defaultValue/><description><![CDATA[Is a signal between -1 and 1 send to output speakers.]]></description></inputType></inputTypes></generatorType><generatorType><generatorTypeClassName><![CDATA[de.schmiereck.noiseComp.generator.GeneratorTypeData]]></generatorTypeClassName><generatorClassName><![CDATA[de.schmiereck.noiseComp.generator.IntegratorGenerator]]></generatorClassName><name><![CDATA[Integrator]]></name><description><![CDATA[Integrates multiple signal input lines.]]></description><inputTypes><inputType><name><![CDATA[signal]]></name><type><![CDATA[1]]></type><countMin><![CDATA[-1]]></countMin><countMax><![CDATA[-1]]></countMax><defaultValue/><description><![CDATA[The input signal between -1 and 1.]]></description></inputType></inputTypes></generatorType><generatorType><generatorTypeClassName><![CDATA[de.schmiereck.noiseComp.generator.GeneratorTypeData]]></generatorTypeClassName><generatorClassName><![CDATA[de.schmiereck.noiseComp.generator.EchoGenerator]]></generatorClassName><name><![CDATA[echo]]></name><description><![CDATA[Echo Generator.]]></description><inputTypes><inputType><name><![CDATA[signal]]></name><type><![CDATA[1]]></type><countMin><![CDATA[1]]></countMin><countMax><![CDATA[1]]></countMax><defaultValue/><description><![CDATA[The input signal between -1 and 1.]]></description></inputType><inputType><name><![CDATA[echos]]></name><type><![CDATA[2]]></type><countMin><![CDATA[1]]></countMin><countMax><![CDATA[1]]></countMax><defaultValue/><description><![CDATA[Count of echos.]]></description></inputType><inputType><name><![CDATA[delay]]></name><type><![CDATA[3]]></type><countMin><![CDATA[1]]></countMin><countMax><![CDATA[1]]></countMax><defaultValue/><description><![CDATA[Delay (Verzögerung).]]></description></inputType><inputType><name><![CDATA[decay]]></name><type><![CDATA[4]]></type><countMin><![CDATA[1]]></countMin><countMax><![CDATA[1]]></countMax><defaultValue/><description><![CDATA[Decay (Dämpfung).]]></description></inputType></inputTypes></generatorType><generatorType><generatorTypeClassName><![CDATA[de.schmiereck.noiseComp.generator.ModulGeneratorTypeData]]></generatorTypeClassName><generatorClassName><![CDATA[de.schmiereck.noiseComp.generator.ModulGenerator#Bell-Modul]]></generatorClassName><name><![CDATA[Bell-Modul]]></name><description><![CDATA[Manages a Group of other generators.]]></description><isMain><![CDATA[true]]></isMain><view><zoomX><![CDATA[683.4375]]></zoomX><ticksCount><![CDATA[0.06]]></ticksCount><ticksPer><![CDATA[Milliseconds]]></ticksPer></view><inputTypes><inputType><name><![CDATA[freq]]></name><type><![CDATA[1]]></type><countMin><![CDATA[-1]]></countMin><countMax><![CDATA[-1]]></countMax><defaultValue><![CDATA[1000.0]]></defaultValue><description><![CDATA[Frequenc]]></description></inputType></inputTypes><generators><generator><type><![CDATA[de.schmiereck.noiseComp.generator.FaderGenerator]]></type><name><![CDATA[f1]]></name><startTime><![CDATA[0.0]]></startTime><endTime><![CDATA[1.0]]></endTime><inputs><input><type><![CDATA[1]]></type><value><![CDATA[0.5]]></value><stringValue/></input><input><type><![CDATA[2]]></type><value><![CDATA[0.0]]></value><stringValue/></input></inputs></generator><generator><type><![CDATA[de.schmiereck.noiseComp.generator.MultiplierGenerator]]></type><name><![CDATA[m1]]></name><startTime><![CDATA[0.0]]></startTime><endTime><![CDATA[1.0]]></endTime><inputs><input><type><![CDATA[2]]></type><value><![CDATA[0.58]]></value><stringValue><![CDATA[0,580]]></stringValue></input><input><type><![CDATA[1]]></type><value/><stringValue/><inputModulInputType><![CDATA[1]]></inputModulInputType></input></inputs></generator><generator><type><![CDATA[de.schmiereck.noiseComp.generator.SinusGenerator]]></type><name><![CDATA[s1]]></name><startTime><![CDATA[0.0]]></startTime><endTime><![CDATA[1.0]]></endTime><inputs><input><generatorName><![CDATA[m1]]></generatorName><type><![CDATA[1]]></type><value/><stringValue/></input><input><generatorName><![CDATA[f1]]></generatorName><type><![CDATA[2]]></type><value/><stringValue/></input></inputs></generator><generator><type><![CDATA[de.schmiereck.noiseComp.generator.FaderGenerator]]></type><name><![CDATA[f2]]></name><startTime><![CDATA[0.0]]></startTime><endTime><![CDATA[0.9]]></endTime><inputs><input><type><![CDATA[1]]></type><value><![CDATA[0.67]]></value><stringValue><![CDATA[0,67]]></stringValue></input><input><type><![CDATA[2]]></type><value><![CDATA[0.0]]></value><stringValue><![CDATA[0]]></stringValue></input></inputs></generator><generator><type><![CDATA[de.schmiereck.noiseComp.generator.MultiplierGenerator]]></type><name><![CDATA[m2]]></name><startTime><![CDATA[0.0]]></startTime><endTime><![CDATA[0.9]]></endTime><inputs><input><type><![CDATA[2]]></type><value><![CDATA[0.58]]></value><stringValue><![CDATA[0,58]]></stringValue></input><input><type><![CDATA[1]]></type><value/><stringValue/><inputModulInputType><![CDATA[1]]></inputModulInputType></input></inputs></generator><generator><type><![CDATA[de.schmiereck.noiseComp.generator.AddGenerator]]></type><name><![CDATA[freq2]]></name><startTime><![CDATA[0.0]]></startTime><endTime><![CDATA[0.9]]></endTime><inputs><input><type><![CDATA[1]]></type><value><![CDATA[1.0]]></value><stringValue><![CDATA[1]]></stringValue></input><input><generatorName><![CDATA[m2]]></generatorName><type><![CDATA[1]]></type><value/><stringValue/></input></inputs></generator><generator><type><![CDATA[de.schmiereck.noiseComp.generator.SinusGenerator]]></type><name><![CDATA[s2]]></name><startTime><![CDATA[0.0]]></startTime><endTime><![CDATA[0.9]]></endTime><inputs><input><generatorName><![CDATA[freq2]]></generatorName><type><![CDATA[1]]></type><value/><stringValue/></input><input><generatorName><![CDATA[f2]]></generatorName><type><![CDATA[2]]></type><value/><stringValue/></input></inputs></generator><generator><type><![CDATA[de.schmiereck.noiseComp.generator.FaderGenerator]]></type><name><![CDATA[f3]]></name><startTime><![CDATA[0.0]]></startTime><endTime><![CDATA[0.65]]></endTime><inputs><input><type><![CDATA[1]]></type><value><![CDATA[10.0]]></value><stringValue><![CDATA[10,0]]></stringValue></input><input><type><![CDATA[2]]></type><value><![CDATA[0.0]]></value><stringValue><![CDATA[0]]></stringValue></input></inputs></generator><generator><type><![CDATA[de.schmiereck.noiseComp.generator.MultiplierGenerator]]></type><name><![CDATA[m3]]></name><startTime><![CDATA[0.0]]></startTime><endTime><![CDATA[0.65]]></endTime><inputs><input><type><![CDATA[2]]></type><value><![CDATA[0.91]]></value><stringValue><![CDATA[0,910]]></stringValue></input><input><type><![CDATA[1]]></type><value/><stringValue/><inputModulInputType><![CDATA[1]]></inputModulInputType></input></inputs></generator><generator><type><![CDATA[de.schmiereck.noiseComp.generator.SinusGenerator]]></type><name><![CDATA[s3]]></name><startTime><![CDATA[0.0]]></startTime><endTime><![CDATA[0.65]]></endTime><inputs><input><generatorName><![CDATA[m3]]></generatorName><type><![CDATA[1]]></type><value/><stringValue/></input><input><generatorName><![CDATA[f3]]></generatorName><type><![CDATA[2]]></type><value/><stringValue/></input></inputs></generator><generator><type><![CDATA[de.schmiereck.noiseComp.generator.FaderGenerator]]></type><name><![CDATA[f4]]></name><startTime><![CDATA[0.0]]></startTime><endTime><![CDATA[0.55]]></endTime><inputs><input><type><![CDATA[1]]></type><value><![CDATA[1.8]]></value><stringValue><![CDATA[1,8]]></stringValue></input><input><type><![CDATA[2]]></type><value><![CDATA[0.0]]></value><stringValue><![CDATA[0]]></stringValue></input></inputs></generator><generator><type><![CDATA[de.schmiereck.noiseComp.generator.MultiplierGenerator]]></type><name><![CDATA[m4]]></name><startTime><![CDATA[0.0]]></startTime><endTime><![CDATA[0.55]]></endTime><inputs><input><type><![CDATA[1]]></type><value/><stringValue/><inputModulInputType><![CDATA[1]]></inputModulInputType></input><input><type><![CDATA[2]]></type><value><![CDATA[0.91]]></value><stringValue><![CDATA[0,91]]></stringValue></input></inputs></generator><generator><type><![CDATA[de.schmiereck.noiseComp.generator.AddGenerator]]></type><name><![CDATA[a4]]></name><startTime><![CDATA[0.0]]></startTime><endTime><![CDATA[0.55]]></endTime><inputs><input><type><![CDATA[1]]></type><value><![CDATA[1.7]]></value><stringValue><![CDATA[1,7]]></stringValue></input><input><generatorName><![CDATA[m4]]></generatorName><type><![CDATA[1]]></type><value/><stringValue/></input></inputs></generator><generator><type><![CDATA[de.schmiereck.noiseComp.generator.SinusGenerator]]></type><name><![CDATA[s4]]></name><startTime><![CDATA[0.0]]></startTime><endTime><![CDATA[0.55]]></endTime><inputs><input><generatorName><![CDATA[a4]]></generatorName><type><![CDATA[1]]></type><value/><stringValue/></input><input><generatorName><![CDATA[f4]]></generatorName><type><![CDATA[2]]></type><value><![CDATA[1.0]]></value><stringValue><![CDATA[1,0]]></stringValue></input></inputs></generator><generator><type><![CDATA[de.schmiereck.noiseComp.generator.FaderGenerator]]></type><name><![CDATA[f5]]></name><startTime><![CDATA[0.0]]></startTime><endTime><![CDATA[0.35]]></endTime><inputs><input><type><![CDATA[1]]></type><value><![CDATA[1.67]]></value><stringValue><![CDATA[1,67]]></stringValue></input><input><type><![CDATA[2]]></type><value><![CDATA[0.0]]></value><stringValue><![CDATA[0]]></stringValue></input></inputs></generator><generator><type><![CDATA[de.schmiereck.noiseComp.generator.MultiplierGenerator]]></type><name><![CDATA[m5]]></name><startTime><![CDATA[0.0]]></startTime><endTime><![CDATA[0.35]]></endTime><inputs><input><type><![CDATA[2]]></type><value><![CDATA[1.6]]></value><stringValue><![CDATA[1,6]]></stringValue></input><input><type><![CDATA[1]]></type><value/><stringValue/><inputModulInputType><![CDATA[1]]></inputModulInputType></input></inputs></generator><generator><type><![CDATA[de.schmiereck.noiseComp.generator.SinusGenerator]]></type><name><![CDATA[s5]]></name><startTime><![CDATA[0.0]]></startTime><endTime><![CDATA[0.35]]></endTime><inputs><input><generatorName><![CDATA[m5]]></generatorName><type><![CDATA[1]]></type><value/><stringValue/></input><input><generatorName><![CDATA[f5]]></generatorName><type><![CDATA[2]]></type><value><![CDATA[1.0]]></value><stringValue><![CDATA[1,0]]></stringValue></input></inputs></generator><generator><type><![CDATA[de.schmiereck.noiseComp.generator.FaderGenerator]]></type><name><![CDATA[f6]]></name><startTime><![CDATA[0.0]]></startTime><endTime><![CDATA[0.325]]></endTime><inputs><input><type><![CDATA[1]]></type><value><![CDATA[2.67]]></value><stringValue><![CDATA[2,67]]></stringValue></input><input><type><![CDATA[2]]></type><value><![CDATA[0.0]]></value><stringValue><![CDATA[0]]></stringValue></input></inputs></generator><generator><type><![CDATA[de.schmiereck.noiseComp.generator.MultiplierGenerator]]></type><name><![CDATA[m6]]></name><startTime><![CDATA[0.0]]></startTime><endTime><![CDATA[0.325]]></endTime><inputs><input><type><![CDATA[2]]></type><value><![CDATA[1.2]]></value><stringValue><![CDATA[1,2]]></stringValue></input><input><type><![CDATA[1]]></type><value/><stringValue/><inputModulInputType><![CDATA[1]]></inputModulInputType></input></inputs></generator><generator><type><![CDATA[de.schmiereck.noiseComp.generator.SinusGenerator]]></type><name><![CDATA[s6]]></name><startTime><![CDATA[0.0]]></startTime><endTime><![CDATA[0.325]]></endTime><inputs><input><generatorName><![CDATA[m6]]></generatorName><type><![CDATA[1]]></type><value/><stringValue/></input><input><generatorName><![CDATA[f6]]></generatorName><type><![CDATA[2]]></type><value/><stringValue/></input></inputs></generator><generator><type><![CDATA[de.schmiereck.noiseComp.generator.FaderGenerator]]></type><name><![CDATA[f7]]></name><startTime><![CDATA[0.0]]></startTime><endTime><![CDATA[0.25]]></endTime><inputs><input><type><![CDATA[1]]></type><value><![CDATA[1.46]]></value><stringValue><![CDATA[1,46]]></stringValue></input><input><type><![CDATA[2]]></type><value><![CDATA[0.0]]></value><stringValue><![CDATA[0]]></stringValue></input></inputs></generator><generator><type><![CDATA[de.schmiereck.noiseComp.generator.MultiplierGenerator]]></type><name><![CDATA[m7]]></name><startTime><![CDATA[0.0]]></startTime><endTime><![CDATA[0.25]]></endTime><inputs><input><type><![CDATA[2]]></type><value><![CDATA[2.0]]></value><stringValue><![CDATA[2]]></stringValue></input><input><type><![CDATA[1]]></type><value/><stringValue/><inputModulInputType><![CDATA[1]]></inputModulInputType></input></inputs></generator><generator><type><![CDATA[de.schmiereck.noiseComp.generator.SinusGenerator]]></type><name><![CDATA[s7]]></name><startTime><![CDATA[0.0]]></startTime><endTime><![CDATA[0.25]]></endTime><inputs><input><generatorName><![CDATA[m7]]></generatorName><type><![CDATA[1]]></type><value/><stringValue/></input><input><generatorName><![CDATA[f7]]></generatorName><type><![CDATA[2]]></type><value><![CDATA[1.0]]></value><stringValue><![CDATA[1,0]]></stringValue></input></inputs></generator><generator><type><![CDATA[de.schmiereck.noiseComp.generator.FaderGenerator]]></type><name><![CDATA[f8]]></name><startTime><![CDATA[0.0]]></startTime><endTime><![CDATA[0.2]]></endTime><inputs><input><type><![CDATA[1]]></type><value><![CDATA[1.33]]></value><stringValue><![CDATA[1,33]]></stringValue></input><input><type><![CDATA[2]]></type><value><![CDATA[0.0]]></value><stringValue><![CDATA[0]]></stringValue></input></inputs></generator><generator><type><![CDATA[de.schmiereck.noiseComp.generator.MultiplierGenerator]]></type><name><![CDATA[m8]]></name><startTime><![CDATA[0.0]]></startTime><endTime><![CDATA[0.2]]></endTime><inputs><input><type><![CDATA[2]]></type><value><![CDATA[2.7]]></value><stringValue><![CDATA[2,7]]></stringValue></input><input><type><![CDATA[1]]></type><value/><stringValue/><inputModulInputType><![CDATA[1]]></inputModulInputType></input></inputs></generator><generator><type><![CDATA[de.schmiereck.noiseComp.generator.SinusGenerator]]></type><name><![CDATA[s8]]></name><startTime><![CDATA[0.0]]></startTime><endTime><![CDATA[0.2]]></endTime><inputs><input><generatorName><![CDATA[m8]]></generatorName><type><![CDATA[1]]></type><value/><stringValue/></input><input><generatorName><![CDATA[f8]]></generatorName><type><![CDATA[2]]></type><value/><stringValue/></input></inputs></generator><generator><type><![CDATA[de.schmiereck.noiseComp.generator.FaderGenerator]]></type><name><![CDATA[f9]]></name><startTime><![CDATA[0.0]]></startTime><endTime><![CDATA[0.15]]></endTime><inputs><input><type><![CDATA[1]]></type><value><![CDATA[1.33]]></value><stringValue><![CDATA[1,33]]></stringValue></input><input><type><![CDATA[2]]></type><value><![CDATA[0.0]]></value><stringValue><![CDATA[0]]></stringValue></input></inputs></generator><generator><type><![CDATA[de.schmiereck.noiseComp.generator.MultiplierGenerator]]></type><name><![CDATA[m9]]></name><startTime><![CDATA[0.0]]></startTime><endTime><![CDATA[0.15]]></endTime><inputs><input><type><![CDATA[2]]></type><value><![CDATA[3.0]]></value><stringValue><![CDATA[3]]></stringValue></input><input><type><![CDATA[1]]></type><value/><stringValue/><inputModulInputType><![CDATA[1]]></inputModulInputType></input></inputs></generator><generator><type><![CDATA[de.schmiereck.noiseComp.generator.SinusGenerator]]></type><name><![CDATA[s9]]></name><startTime><![CDATA[0.0]]></startTime><endTime><![CDATA[0.15]]></endTime><inputs><input><generatorName><![CDATA[m9]]></generatorName><type><![CDATA[1]]></type><value/><stringValue/></input><input><generatorName><![CDATA[f9]]></generatorName><type><![CDATA[2]]></type><value/><stringValue/></input></inputs></generator><generator><type><![CDATA[de.schmiereck.noiseComp.generator.FaderGenerator]]></type><name><![CDATA[f10]]></name><startTime><![CDATA[0.0]]></startTime><endTime><![CDATA[0.1]]></endTime><inputs><input><type><![CDATA[1]]></type><value><![CDATA[1.0]]></value><stringValue><![CDATA[1,0]]></stringValue></input><input><type><![CDATA[2]]></type><value><![CDATA[0.0]]></value><stringValue><![CDATA[0]]></stringValue></input></inputs></generator><generator><type><![CDATA[de.schmiereck.noiseComp.generator.MultiplierGenerator]]></type><name><![CDATA[m10]]></name><startTime><![CDATA[0.0]]></startTime><endTime><![CDATA[0.1]]></endTime><inputs><input><type><![CDATA[2]]></type><value><![CDATA[3.75]]></value><stringValue><![CDATA[3,75]]></stringValue></input><input><type><![CDATA[1]]></type><value/><stringValue/><inputModulInputType><![CDATA[1]]></inputModulInputType></input></inputs></generator><generator><type><![CDATA[de.schmiereck.noiseComp.generator.SinusGenerator]]></type><name><![CDATA[s10]]></name><startTime><![CDATA[0.0]]></startTime><endTime><![CDATA[0.1]]></endTime><inputs><input><generatorName><![CDATA[m10]]></generatorName><type><![CDATA[1]]></type><value/><stringValue/></input><input><generatorName><![CDATA[f10]]></generatorName><type><![CDATA[2]]></type><value/><stringValue/></input></inputs></generator><generator><type><![CDATA[de.schmiereck.noiseComp.generator.FaderGenerator]]></type><name><![CDATA[f11]]></name><startTime><![CDATA[0.0]]></startTime><endTime><![CDATA[0.075]]></endTime><inputs><input><type><![CDATA[1]]></type><value><![CDATA[1.33]]></value><stringValue><![CDATA[1,33]]></stringValue></input><input><type><![CDATA[2]]></type><value><![CDATA[0.0]]></value><stringValue><![CDATA[0]]></stringValue></input></inputs></generator><generator><type><![CDATA[de.schmiereck.noiseComp.generator.MultiplierGenerator]]></type><name><![CDATA[m11]]></name><startTime><![CDATA[0.0]]></startTime><endTime><![CDATA[0.075]]></endTime><inputs><input><type><![CDATA[2]]></type><value><![CDATA[4.09]]></value><stringValue><![CDATA[4,09]]></stringValue></input><input><type><![CDATA[1]]></type><value/><stringValue/><inputModulInputType><![CDATA[1]]></inputModulInputType></input></inputs></generator><generator><type><![CDATA[de.schmiereck.noiseComp.generator.SinusGenerator]]></type><name><![CDATA[s11]]></name><startTime><![CDATA[0.0]]></startTime><endTime><![CDATA[0.075]]></endTime><inputs><input><generatorName><![CDATA[m11]]></generatorName><type><![CDATA[1]]></type><value/><stringValue/></input><input><generatorName><![CDATA[f11]]></generatorName><type><![CDATA[2]]></type><value/><stringValue/></input></inputs></generator><generator><type><![CDATA[de.schmiereck.noiseComp.generator.MixerGenerator]]></type><name><![CDATA[mixer]]></name><startTime><![CDATA[0.0]]></startTime><endTime><![CDATA[1.0]]></endTime><inputs><input><type><![CDATA[1]]></type><value><![CDATA[0.1]]></value><stringValue><![CDATA[0,1]]></stringValue></input><input><generatorName><![CDATA[f1]]></generatorName><type><![CDATA[1]]></type><value/><stringValue/></input><input><generatorName><![CDATA[s1]]></generatorName><type><![CDATA[2]]></type><value/><stringValue/></input><input><generatorName><![CDATA[s2]]></generatorName><type><![CDATA[2]]></type><value/><stringValue/></input><input><generatorName><![CDATA[s3]]></generatorName><type><![CDATA[2]]></type><value/><stringValue/></input><input><generatorName><![CDATA[s4]]></generatorName><type><![CDATA[2]]></type><value/><stringValue/></input><input><generatorName><![CDATA[s5]]></generatorName><type><![CDATA[2]]></type><value/><stringValue/></input><input><generatorName><![CDATA[s6]]></generatorName><type><![CDATA[2]]></type><value/><stringValue/></input><input><generatorName><![CDATA[s7]]></generatorName><type><![CDATA[2]]></type><value/><stringValue/></input><input><generatorName><![CDATA[s8]]></generatorName><type><![CDATA[2]]></type><value/><stringValue/></input><input><generatorName><![CDATA[s9]]></generatorName><type><![CDATA[2]]></type><value/><stringValue/></input><input><generatorName><![CDATA[s10]]></generatorName><type><![CDATA[2]]></type><value/><stringValue/></input><input><generatorName><![CDATA[s11]]></generatorName><type><![CDATA[2]]></type><value/><stringValue/></input></inputs></generator><generator><type><![CDATA[de.schmiereck.noiseComp.generator.OutputGenerator]]></type><name><![CDATA[output]]></name><startTime><![CDATA[0.0]]></startTime><endTime><![CDATA[1.0]]></endTime><inputs><input><generatorName><![CDATA[mixer]]></generatorName><type><![CDATA[1]]></type><value/><stringValue/></input></inputs></generator></generators><tracks><track><generatorName><![CDATA[f1]]></generatorName></track><track><generatorName><![CDATA[m1]]></generatorName></track><track><generatorName><![CDATA[s1]]></generatorName></track><track><generatorName><![CDATA[f2]]></generatorName></track><track><generatorName><![CDATA[m2]]></generatorName></track><track><generatorName><![CDATA[freq2]]></generatorName></track><track><generatorName><![CDATA[s2]]></generatorName></track><track><generatorName><![CDATA[f2]]></generatorName></track><track><generatorName><![CDATA[s3]]></generatorName></track><track><generatorName><![CDATA[f4]]></generatorName></track><track><generatorName><![CDATA[s4]]></generatorName></track><track><generatorName><![CDATA[s5]]></generatorName></track><track><generatorName><![CDATA[f5]]></generatorName></track><track><generatorName><![CDATA[f6]]></generatorName></track><track><generatorName><![CDATA[s6]]></generatorName></track><track><generatorName><![CDATA[f7]]></generatorName></track><track><generatorName><![CDATA[s7]]></generatorName></track><track><generatorName><![CDATA[f8]]></generatorName></track><track><generatorName><![CDATA[s8]]></generatorName></track><track><generatorName><![CDATA[f9]]></generatorName></track><track><generatorName><![CDATA[s9]]></generatorName></track><track><generatorName><![CDATA[s10]]></generatorName></track><track><generatorName><![CDATA[f10]]></generatorName></track><track><generatorName><![CDATA[f11]]></generatorName></track><track><generatorName><![CDATA[s11]]></generatorName></track><track><generatorName><![CDATA[mixer]]></generatorName></track><track><generatorName><![CDATA[output]]></generatorName></track><track><generatorName><![CDATA[m3]]></generatorName></track><track><generatorName><![CDATA[a4]]></generatorName></track><track><generatorName><![CDATA[m5]]></generatorName></track><track><generatorName><![CDATA[m4]]></generatorName></track><track><generatorName><![CDATA[m6]]></generatorName></track><track><generatorName><![CDATA[m7]]></generatorName></track><track><generatorName><![CDATA[m8]]></generatorName></track><track><generatorName><![CDATA[m9]]></generatorName></track><track><generatorName><![CDATA[m10]]></generatorName></track><track><generatorName><![CDATA[m11]]></generatorName></track></tracks></generatorType><generatorType><generatorTypeClassName><![CDATA[de.schmiereck.noiseComp.generator.ModulGeneratorTypeData]]></generatorTypeClassName><generatorClassName><![CDATA[de.schmiereck.noiseComp.generator.ModulGenerator#bell line]]></generatorClassName><name><![CDATA[bell line]]></name><description><![CDATA[Manages a Group of other generators.]]></description><view><zoomX><![CDATA[60.0]]></zoomX><ticksCount><![CDATA[2.0]]></ticksCount><ticksPer><![CDATA[Seconds]]></ticksPer></view><inputTypes/><generators><generator><type><![CDATA[de.schmiereck.noiseComp.generator.OutputGenerator]]></type><name><![CDATA[o]]></name><startTime><![CDATA[0.0]]></startTime><endTime><![CDATA[8.0]]></endTime><inputs><input><generatorName><![CDATA[m]]></generatorName><type><![CDATA[1]]></type><value/><stringValue/></input></inputs></generator><generator><type><![CDATA[de.schmiereck.noiseComp.generator.MixerGenerator]]></type><name><![CDATA[m]]></name><startTime><![CDATA[0.0]]></startTime><endTime><![CDATA[8.0]]></endTime><inputs><input><generatorName><![CDATA[b1]]></generatorName><type><![CDATA[2]]></type><value/><stringValue/></input><input><generatorName><![CDATA[b2]]></generatorName><type><![CDATA[2]]></type><value/><stringValue/></input><input><generatorName><![CDATA[b3]]></generatorName><type><![CDATA[2]]></type><value/><stringValue/></input><input><generatorName><![CDATA[b4]]></generatorName><type><![CDATA[2]]></type><value/><stringValue/></input></inputs></generator><generator><type><![CDATA[de.schmiereck.noiseComp.generator.ModulGenerator#Bell-Modul]]></type><name><![CDATA[b1]]></name><startTime><![CDATA[0.0]]></startTime><endTime><![CDATA[1.0]]></endTime><inputs><input><type><![CDATA[1]]></type><value><![CDATA[82.0]]></value><stringValue><![CDATA[82,0]]></stringValue></input></inputs></generator><generator><type><![CDATA[de.schmiereck.noiseComp.generator.ModulGenerator#Bell-Modul]]></type><name><![CDATA[b2]]></name><startTime><![CDATA[0.5]]></startTime><endTime><![CDATA[1.5]]></endTime><inputs><input><type><![CDATA[1]]></type><value><![CDATA[104.0]]></value><stringValue><![CDATA[104,0]]></stringValue></input></inputs></generator><generator><type><![CDATA[de.schmiereck.noiseComp.generator.ModulGenerator#Bell-Modul]]></type><name><![CDATA[b3]]></name><startTime><![CDATA[0.8666667]]></startTime><endTime><![CDATA[2.0]]></endTime><inputs><input><type><![CDATA[1]]></type><value><![CDATA[92.0]]></value><stringValue><![CDATA[92,0]]></stringValue></input></inputs></generator><generator><type><![CDATA[de.schmiereck.noiseComp.generator.ModulGenerator#Bell-Modul]]></type><name><![CDATA[b4]]></name><startTime><![CDATA[1.5]]></startTime><endTime><![CDATA[2.5]]></endTime><inputs><input><type><![CDATA[1]]></type><value><![CDATA[62.0]]></value><stringValue><![CDATA[62,0]]></stringValue></input></inputs></generator></generators><tracks><track><generatorName><![CDATA[o]]></generatorName></track><track><generatorName><![CDATA[m]]></generatorName></track><track><generatorName><![CDATA[b1]]></generatorName></track><track><generatorName><![CDATA[b2]]></generatorName></track><track><generatorName><![CDATA[b3]]></generatorName></track><track><generatorName><![CDATA[b4]]></generatorName></track></tracks></generatorType></generatorTypes></noise>