<?xml version="1.0" encoding="UTF-8" standalone="no"?><noise><version><![CDATA[2.0]]></version><generatorTypes><generatorType><generatorTypeClassName><![CDATA[de.schmiereck.noiseComp.generator.GeneratorTypeData]]></generatorTypeClassName><generatorClassName><![CDATA[de.schmiereck.noiseComp.generator.FaderGenerator]]></generatorClassName><folderPath/><name><![CDATA[Fader]]></name><description><![CDATA[Fades linear from a start to a end value.]]></description><inputTypes><inputType><name><![CDATA[startFadeValue]]></name><type><![CDATA[1]]></type><countMin><![CDATA[1]]></countMin><countMax><![CDATA[1]]></countMax><defaultValue/><description><![CDATA[Start value between -1 and 1 of the fading over generator length (other
						value ranges can used).]]></description></inputType><inputType><name><![CDATA[endFadeValue]]></name><type><![CDATA[2]]></type><countMin><![CDATA[1]]></countMin><countMax><![CDATA[1]]></countMax><defaultValue/><description><![CDATA[End value between -1 and 1 of the fading over generator length (other value
						ranges can used).]]></description></inputType></inputTypes></generatorType><generatorType><generatorTypeClassName><![CDATA[de.schmiereck.noiseComp.generator.GeneratorTypeData]]></generatorTypeClassName><generatorClassName><![CDATA[de.schmiereck.noiseComp.generator.MixerGenerator]]></generatorClassName><folderPath/><name><![CDATA[Mixer]]></name><description><![CDATA[Mixes multiple signal input lines and scale them with a volume.]]></description><inputTypes><inputType><name><![CDATA[volume]]></name><type><![CDATA[1]]></type><countMin><![CDATA[-1]]></countMin><countMax><![CDATA[-1]]></countMax><defaultValue/><description><![CDATA[The volume of the output singal between 0 and 1 (average is calculated if
						more then one volume is connected).]]></description></inputType><inputType><name><![CDATA[signal]]></name><type><![CDATA[2]]></type><countMin><![CDATA[-1]]></countMin><countMax><![CDATA[-1]]></countMax><defaultValue/><description><![CDATA[The input signal between -1 and 1 (average is calculated if more then one
						volume is connected).]]></description></inputType></inputTypes></generatorType><generatorType><generatorTypeClassName><![CDATA[de.schmiereck.noiseComp.generator.GeneratorTypeData]]></generatorTypeClassName><generatorClassName><![CDATA[de.schmiereck.noiseComp.generator.MultiplierGenerator]]></generatorClassName><folderPath/><name><![CDATA[Multiplier]]></name><description><![CDATA[Multiply multiple signal input lines and multiply them with a multiplier.]]></description><inputTypes><inputType><name><![CDATA[multiplier]]></name><type><![CDATA[2]]></type><countMin><![CDATA[-1]]></countMin><countMax><![CDATA[-1]]></countMax><defaultValue/><description><![CDATA[The volume of the output singal between 0 and 1 (average is calculated if
						more then one volume is connected).]]></description></inputType><inputType><name><![CDATA[signal]]></name><type><![CDATA[1]]></type><countMin><![CDATA[-1]]></countMin><countMax><![CDATA[-1]]></countMax><defaultValue/><description><![CDATA[The input signal between -1 and 1 (average is calculated if more then one
						volume is connected).]]></description></inputType></inputTypes></generatorType><generatorType><generatorTypeClassName><![CDATA[de.schmiereck.noiseComp.generator.GeneratorTypeData]]></generatorTypeClassName><generatorClassName><![CDATA[de.schmiereck.noiseComp.generator.AddGenerator]]></generatorClassName><folderPath/><name><![CDATA[add]]></name><description><![CDATA[Add signals Generator.]]></description><inputTypes><inputType><name><![CDATA[signal]]></name><type><![CDATA[1]]></type><countMin><![CDATA[1]]></countMin><countMax><![CDATA[1]]></countMax><defaultValue/><description><![CDATA[Is a signal.]]></description></inputType></inputTypes></generatorType><generatorType><generatorTypeClassName><![CDATA[de.schmiereck.noiseComp.generator.GeneratorTypeData]]></generatorTypeClassName><generatorClassName><![CDATA[de.schmiereck.noiseComp.generator.MultGenerator]]></generatorClassName><folderPath/><name><![CDATA[mult]]></name><description><![CDATA[Multiplicate signals Generator.]]></description><inputTypes><inputType><name><![CDATA[signal]]></name><type><![CDATA[1]]></type><countMin><![CDATA[1]]></countMin><countMax><![CDATA[1]]></countMax><defaultValue/><description><![CDATA[Is a signal.]]></description></inputType></inputTypes></generatorType><generatorType><generatorTypeClassName><![CDATA[de.schmiereck.noiseComp.generator.GeneratorTypeData]]></generatorTypeClassName><generatorClassName><![CDATA[de.schmiereck.noiseComp.generator.PowGenerator]]></generatorClassName><folderPath/><name><![CDATA[pow]]></name><description><![CDATA[Calculates the value of the base (sum) raised to the power of the exponent (sum).]]></description><inputTypes><inputType><name><![CDATA[base]]></name><type><![CDATA[2]]></type><countMin><![CDATA[-1]]></countMin><countMax><![CDATA[-1]]></countMax><defaultValue/><description><![CDATA[The base singal.]]></description></inputType><inputType><name><![CDATA[exponent]]></name><type><![CDATA[1]]></type><countMin><![CDATA[-1]]></countMin><countMax><![CDATA[-1]]></countMax><defaultValue/><description><![CDATA[The exponent signal.]]></description></inputType></inputTypes></generatorType><generatorType><generatorTypeClassName><![CDATA[de.schmiereck.noiseComp.generator.GeneratorTypeData]]></generatorTypeClassName><generatorClassName><![CDATA[de.schmiereck.noiseComp.generator.OutputGenerator]]></generatorClassName><folderPath/><name><![CDATA[Output]]></name><description><![CDATA[The input signal is audible at the audio hardware.]]></description><inputTypes><inputType><name><![CDATA[signal]]></name><type><![CDATA[1]]></type><countMin><![CDATA[1]]></countMin><countMax><![CDATA[1]]></countMax><defaultValue/><description><![CDATA[Is a signal between -1 and 1 send to output speakers.]]></description></inputType></inputTypes></generatorType><generatorType><generatorTypeClassName><![CDATA[de.schmiereck.noiseComp.generator.GeneratorTypeData]]></generatorTypeClassName><generatorClassName><![CDATA[de.schmiereck.noiseComp.generator.SinusGenerator]]></generatorClassName><folderPath/><name><![CDATA[Sinus]]></name><description><![CDATA[Generates a sinus signal with a specified frequency and
				amplidude.]]></description><inputTypes><inputType><name><![CDATA[signalFrequency]]></name><type><![CDATA[1]]></type><countMin><![CDATA[1]]></countMin><countMax><![CDATA[1]]></countMax><defaultValue/><description><![CDATA[Frequency of the signal in oscillations per second.]]></description></inputType><inputType><name><![CDATA[signalAmplitude]]></name><type><![CDATA[2]]></type><countMin><![CDATA[1]]></countMin><countMax><![CDATA[1]]></countMax><defaultValue><![CDATA[1.0]]></defaultValue><description><![CDATA[Amplidude of the signal between 0 and 1.]]></description></inputType><inputType><name><![CDATA[signalShift]]></name><type><![CDATA[3]]></type><countMin><![CDATA[1]]></countMin><countMax><![CDATA[0]]></countMax><defaultValue><![CDATA[0.0]]></defaultValue><description><![CDATA[The offset of the sinus between -1 and 1 (0 is no shift, 0.5 is shifting a half oscillation).]]></description></inputType><inputType><name><![CDATA[signalIIFreq]]></name><type><![CDATA[4]]></type><countMin><![CDATA[-1]]></countMin><countMax><![CDATA[-1]]></countMax><defaultValue/><description><![CDATA[Input of the sinus signal (alternativ to signalFrequency).]]></description></inputType></inputTypes></generatorType><generatorType><generatorTypeClassName><![CDATA[de.schmiereck.noiseComp.generator.GeneratorTypeData]]></generatorTypeClassName><generatorClassName><![CDATA[de.schmiereck.noiseComp.generator.RectangleGenerator]]></generatorClassName><folderPath/><name><![CDATA[Rectangle]]></name><description><![CDATA[Generates a rectangle signal with a specified frequency and amplidude.]]></description><inputTypes><inputType><name><![CDATA[signalFrequency]]></name><type><![CDATA[1]]></type><countMin><![CDATA[1]]></countMin><countMax><![CDATA[1]]></countMax><defaultValue><![CDATA[1.0]]></defaultValue><description><![CDATA[Frequency of the signal in oscillations per second.]]></description></inputType><inputType><name><![CDATA[signalAmplitude]]></name><type><![CDATA[2]]></type><countMin><![CDATA[1]]></countMin><countMax><![CDATA[1]]></countMax><defaultValue><![CDATA[1.0]]></defaultValue><description><![CDATA[Amplidude of the signal between 0 and 1.]]></description></inputType><inputType><name><![CDATA[signalShift]]></name><type><![CDATA[3]]></type><countMin><![CDATA[1]]></countMin><countMax><![CDATA[0]]></countMax><defaultValue><![CDATA[0.0]]></defaultValue><description><![CDATA[The offset of the rectangle between -1 and 1 (0 is no shift, 0.5 is shifting a half oscillation).]]></description></inputType></inputTypes></generatorType><generatorType><generatorTypeClassName><![CDATA[de.schmiereck.noiseComp.generator.GeneratorTypeData]]></generatorTypeClassName><generatorClassName><![CDATA[de.schmiereck.noiseComp.generator.TriangelGenerator]]></generatorClassName><folderPath/><name><![CDATA[Triangel]]></name><description><![CDATA[Generates a triangel signal with a specified frequency and amplidude.]]></description><inputTypes><inputType><name><![CDATA[signalFrequency]]></name><type><![CDATA[1]]></type><countMin><![CDATA[1]]></countMin><countMax><![CDATA[1]]></countMax><defaultValue><![CDATA[1.0]]></defaultValue><description><![CDATA[Frequency of the signal in oscillations per second.]]></description></inputType><inputType><name><![CDATA[signalAmplitude]]></name><type><![CDATA[2]]></type><countMin><![CDATA[1]]></countMin><countMax><![CDATA[1]]></countMax><defaultValue><![CDATA[1.0]]></defaultValue><description><![CDATA[Amplidude of the signal between 0 and 1.]]></description></inputType><inputType><name><![CDATA[signalShift]]></name><type><![CDATA[3]]></type><countMin><![CDATA[1]]></countMin><countMax><![CDATA[0]]></countMax><defaultValue><![CDATA[0.0]]></defaultValue><description><![CDATA[The offset of the triangel between -1 and 1 (0 is no shift, 0.5 is shifting a half oscillation).]]></description></inputType></inputTypes></generatorType><generatorType><generatorTypeClassName><![CDATA[de.schmiereck.noiseComp.generator.GeneratorTypeData]]></generatorTypeClassName><generatorClassName><![CDATA[de.schmiereck.noiseComp.generator.SawtoothGenerator]]></generatorClassName><folderPath/><name><![CDATA[Sawtooth]]></name><description><![CDATA[Generates a sawtooth signal with a specified frequency and amplidude.]]></description><inputTypes><inputType><name><![CDATA[signalFrequency]]></name><type><![CDATA[1]]></type><countMin><![CDATA[1]]></countMin><countMax><![CDATA[1]]></countMax><defaultValue><![CDATA[1.0]]></defaultValue><description><![CDATA[Frequency of the signal in oscillations per second.]]></description></inputType><inputType><name><![CDATA[signalAmplitude]]></name><type><![CDATA[2]]></type><countMin><![CDATA[1]]></countMin><countMax><![CDATA[1]]></countMax><defaultValue><![CDATA[1.0]]></defaultValue><description><![CDATA[Amplidude of the signal between 0 and 1.]]></description></inputType><inputType><name><![CDATA[signalShift]]></name><type><![CDATA[3]]></type><countMin><![CDATA[1]]></countMin><countMax><![CDATA[0]]></countMax><defaultValue><![CDATA[0.0]]></defaultValue><description><![CDATA[The offset of the sawtooth between -1 and 1 (0 is no shift, 0.5 is shifting a half oscillation).]]></description></inputType><inputType><name><![CDATA[signalIIFreq]]></name><type><![CDATA[4]]></type><countMin><![CDATA[-1]]></countMin><countMax><![CDATA[-1]]></countMax><defaultValue/><description><![CDATA[Input of the sinus signal (alternativ to signalFrequency).]]></description></inputType></inputTypes></generatorType><generatorType><generatorTypeClassName><![CDATA[de.schmiereck.noiseComp.generator.GeneratorTypeData]]></generatorTypeClassName><generatorClassName><![CDATA[de.schmiereck.noiseComp.generator.CutGenerator]]></generatorClassName><folderPath/><name><![CDATA[Cut]]></name><description><![CDATA[Cut the input singnal to the given minimum and maximum values.]]></description><inputTypes><inputType><name><![CDATA[signalMaximum]]></name><type><![CDATA[1]]></type><countMin><![CDATA[1]]></countMin><countMax><![CDATA[1]]></countMax><defaultValue><![CDATA[1.0]]></defaultValue><description><![CDATA[Mamximum of the signal value.]]></description></inputType><inputType><name><![CDATA[signalMinimum]]></name><type><![CDATA[2]]></type><countMin><![CDATA[1]]></countMin><countMax><![CDATA[1]]></countMax><defaultValue><![CDATA[-1.0]]></defaultValue><description><![CDATA[Minimum of the signal value.]]></description></inputType><inputType><name><![CDATA[signal]]></name><type><![CDATA[3]]></type><countMin><![CDATA[1]]></countMin><countMax><![CDATA[1]]></countMax><defaultValue><![CDATA[0.0]]></defaultValue><description><![CDATA[Signal value.]]></description></inputType></inputTypes></generatorType><generatorType><generatorTypeClassName><![CDATA[de.schmiereck.noiseComp.generator.GeneratorTypeData]]></generatorTypeClassName><generatorClassName><![CDATA[de.schmiereck.noiseComp.generator.WaveGenerator]]></generatorClassName><folderPath/><name><![CDATA[Wave File]]></name><description><![CDATA[Plays a Wave file from file system.]]></description><inputTypes><inputType><name><![CDATA[fileName]]></name><type><![CDATA[1]]></type><countMin><![CDATA[1]]></countMin><countMax><![CDATA[1]]></countMax><defaultValue/><description><![CDATA[Is the file name of a .WAV file.]]></description></inputType></inputTypes></generatorType><generatorType><generatorTypeClassName><![CDATA[de.schmiereck.noiseComp.generator.GeneratorTypeData]]></generatorTypeClassName><generatorClassName><![CDATA[de.schmiereck.noiseComp.generator.ASRPulseGenerator]]></generatorClassName><folderPath/><name><![CDATA[ASRPulse]]></name><description><![CDATA[Generates a pulse signal with a specified frequency and amplidude and puls shape.]]></description><inputTypes><inputType><name><![CDATA[signalFrequency]]></name><type><![CDATA[1]]></type><countMin><![CDATA[1]]></countMin><countMax><![CDATA[1]]></countMax><defaultValue><![CDATA[1.0]]></defaultValue><description><![CDATA[Frequency of the pulse in oscillations per second.]]></description></inputType><inputType><name><![CDATA[signalAmplitude]]></name><type><![CDATA[2]]></type><countMin><![CDATA[1]]></countMin><countMax><![CDATA[1]]></countMax><defaultValue><![CDATA[1.0]]></defaultValue><description><![CDATA[Amplidude of the pulse between 0 and 1.]]></description></inputType><inputType><name><![CDATA[attackTime]]></name><type><![CDATA[3]]></type><countMin><![CDATA[1]]></countMin><countMax><![CDATA[1]]></countMax><defaultValue><![CDATA[0.1]]></defaultValue><description><![CDATA[The attack time of the pulse in percent between 0.0 and 1.0.]]></description></inputType><inputType><name><![CDATA[sustainTime]]></name><type><![CDATA[4]]></type><countMin><![CDATA[1]]></countMin><countMax><![CDATA[1]]></countMax><defaultValue><![CDATA[0.3]]></defaultValue><description><![CDATA[The sustain time of the pulse in percent between 0.0 and 1.0.]]></description></inputType><inputType><name><![CDATA[releaseTime]]></name><type><![CDATA[5]]></type><countMin><![CDATA[1]]></countMin><countMax><![CDATA[1]]></countMax><defaultValue><![CDATA[0.2]]></defaultValue><description><![CDATA[The release time of the pulse in percent between 0.0 and 1.0.]]></description></inputType></inputTypes></generatorType><generatorType><generatorTypeClassName><![CDATA[de.schmiereck.noiseComp.generator.GeneratorTypeData]]></generatorTypeClassName><generatorClassName><![CDATA[de.schmiereck.noiseComp.generator.WhiteNoiseGenerator]]></generatorClassName><folderPath/><name><![CDATA[White Gaussian Noise]]></name><description><![CDATA[Generate White Gaussian Noise with variance and mean.]]></description><inputTypes><inputType><name><![CDATA[variance]]></name><type><![CDATA[2]]></type><countMin><![CDATA[-1]]></countMin><countMax><![CDATA[-1]]></countMax><defaultValue/><description><![CDATA[The variance.]]></description></inputType><inputType><name><![CDATA[mean]]></name><type><![CDATA[1]]></type><countMin><![CDATA[-1]]></countMin><countMax><![CDATA[-1]]></countMax><defaultValue/><description><![CDATA[The mean.]]></description></inputType></inputTypes></generatorType><generatorType><generatorTypeClassName><![CDATA[de.schmiereck.noiseComp.generator.GeneratorTypeData]]></generatorTypeClassName><generatorClassName><![CDATA[de.schmiereck.noiseComp.generator.PinkNoiseGenerator]]></generatorClassName><folderPath/><name><![CDATA[Pink Noise]]></name><description><![CDATA[Generate White Gaussian Noise with variance and mean.]]></description><inputTypes><inputType><name><![CDATA[variance]]></name><type><![CDATA[2]]></type><countMin><![CDATA[-1]]></countMin><countMax><![CDATA[-1]]></countMax><defaultValue/><description><![CDATA[The variance.]]></description></inputType><inputType><name><![CDATA[mean]]></name><type><![CDATA[1]]></type><countMin><![CDATA[-1]]></countMin><countMax><![CDATA[-1]]></countMax><defaultValue/><description><![CDATA[The mean.]]></description></inputType></inputTypes></generatorType><generatorType><generatorTypeClassName><![CDATA[de.schmiereck.noiseComp.generator.GeneratorTypeData]]></generatorTypeClassName><generatorClassName><![CDATA[de.schmiereck.noiseComp.generator.PinkNoise2Generator]]></generatorClassName><folderPath/><name><![CDATA[Pink Noise 2]]></name><description><![CDATA[Generate White Gaussian Noise with variance and mean.]]></description><inputTypes><inputType><name><![CDATA[variance]]></name><type><![CDATA[2]]></type><countMin><![CDATA[-1]]></countMin><countMax><![CDATA[-1]]></countMax><defaultValue/><description><![CDATA[The variance.]]></description></inputType><inputType><name><![CDATA[mean]]></name><type><![CDATA[1]]></type><countMin><![CDATA[-1]]></countMin><countMax><![CDATA[-1]]></countMax><defaultValue/><description><![CDATA[The mean.]]></description></inputType><inputType><name><![CDATA[alpha]]></name><type><![CDATA[3]]></type><countMin><![CDATA[-1]]></countMin><countMax><![CDATA[-1]]></countMax><defaultValue/><description><![CDATA[The alpha.]]></description></inputType><inputType><name><![CDATA[poles]]></name><type><![CDATA[4]]></type><countMin><![CDATA[-1]]></countMin><countMax><![CDATA[-1]]></countMax><defaultValue/><description><![CDATA[The poles.]]></description></inputType></inputTypes></generatorType><generatorType><generatorTypeClassName><![CDATA[de.schmiereck.noiseComp.generator.GeneratorTypeData]]></generatorTypeClassName><generatorClassName><![CDATA[de.schmiereck.noiseComp.generator.TanhGenerator]]></generatorClassName><folderPath/><name><![CDATA[tanh]]></name><description><![CDATA[Math.tanh Generator.]]></description><inputTypes><inputType><name><![CDATA[signal]]></name><type><![CDATA[1]]></type><countMin><![CDATA[1]]></countMin><countMax><![CDATA[1]]></countMax><defaultValue/><description><![CDATA[Is a signal between -1 and 1 send to output speakers.]]></description></inputType></inputTypes></generatorType><generatorType><generatorTypeClassName><![CDATA[de.schmiereck.noiseComp.generator.GeneratorTypeData]]></generatorTypeClassName><generatorClassName><![CDATA[de.schmiereck.noiseComp.generator.IntegratorGenerator]]></generatorClassName><folderPath/><name><![CDATA[Integrator]]></name><description><![CDATA[Integrates multiple signal input lines.]]></description><inputTypes><inputType><name><![CDATA[signal]]></name><type><![CDATA[1]]></type><countMin><![CDATA[-1]]></countMin><countMax><![CDATA[-1]]></countMax><defaultValue/><description><![CDATA[The input signal between -1 and 1.]]></description></inputType></inputTypes></generatorType><generatorType><generatorTypeClassName><![CDATA[de.schmiereck.noiseComp.generator.GeneratorTypeData]]></generatorTypeClassName><generatorClassName><![CDATA[de.schmiereck.noiseComp.generator.EchoGenerator]]></generatorClassName><folderPath/><name><![CDATA[echo]]></name><description><![CDATA[Echo Generator.]]></description><inputTypes><inputType><name><![CDATA[signal]]></name><type><![CDATA[1]]></type><countMin><![CDATA[1]]></countMin><countMax><![CDATA[1]]></countMax><defaultValue/><description><![CDATA[The input signal between -1 and 1.]]></description></inputType><inputType><name><![CDATA[echos]]></name><type><![CDATA[2]]></type><countMin><![CDATA[1]]></countMin><countMax><![CDATA[1]]></countMax><defaultValue/><description><![CDATA[Count of echos.]]></description></inputType><inputType><name><![CDATA[delay]]></name><type><![CDATA[3]]></type><countMin><![CDATA[1]]></countMin><countMax><![CDATA[1]]></countMax><defaultValue/><description><![CDATA[Delay (Verzögerung).]]></description></inputType><inputType><name><![CDATA[decay]]></name><type><![CDATA[4]]></type><countMin><![CDATA[1]]></countMin><countMax><![CDATA[1]]></countMax><defaultValue/><description><![CDATA[Decay (Dämpfung).]]></description></inputType></inputTypes></generatorType><generatorType><generatorTypeClassName><![CDATA[de.schmiereck.noiseComp.generator.GeneratorTypeData]]></generatorTypeClassName><generatorClassName><![CDATA[de.schmiereck.noiseComp.generator.FilterGenerator]]></generatorClassName><folderPath/><name><![CDATA[filter]]></name><description><![CDATA[Filter Generator.]]></description><inputTypes><inputType><name><![CDATA[signal]]></name><type><![CDATA[1]]></type><countMin><![CDATA[1]]></countMin><countMax><![CDATA[1]]></countMax><defaultValue/><description><![CDATA[Is a signal between -1 and 1.]]></description></inputType><inputType><name><![CDATA[filter]]></name><type><![CDATA[2]]></type><countMin><![CDATA[1]]></countMin><countMax><![CDATA[1]]></countMax><defaultValue/><description><![CDATA[Is a filter between 0 and 1.]]></description></inputType></inputTypes></generatorType><generatorType><generatorTypeClassName><![CDATA[de.schmiereck.noiseComp.generator.ModulGeneratorTypeData]]></generatorTypeClassName><generatorClassName><![CDATA[de.schmiereck.noiseComp.generator.ModulGenerator#drum-set 1]]></generatorClassName><folderPath/><name><![CDATA[drum-set 1]]></name><description><![CDATA[Manages a Group of other generators.]]></description><view><zoomX><![CDATA[135.0]]></zoomX><ticksCount><![CDATA[240.0]]></ticksCount><ticksPer><![CDATA[BPM]]></ticksPer></view><inputTypes/><generators><generator><folderPath/><type><![CDATA[de.schmiereck.noiseComp.generator.OutputGenerator]]></type><name><![CDATA[output]]></name><startTime><![CDATA[0.0]]></startTime><endTime><![CDATA[3.0]]></endTime><inputs><input><generatorName><![CDATA[mixer]]></generatorName><type><![CDATA[1]]></type><value/><stringValue/></input></inputs></generator><generator><folderPath/><type><![CDATA[de.schmiereck.noiseComp.generator.MixerGenerator]]></type><name><![CDATA[mixer]]></name><startTime><![CDATA[0.0]]></startTime><endTime><![CDATA[5.0]]></endTime><inputs><input><type><![CDATA[1]]></type><value><![CDATA[0.4]]></value><stringValue><![CDATA[0.4]]></stringValue></input><input><generatorName><![CDATA[b1]]></generatorName><type><![CDATA[2]]></type><value/><stringValue/></input><input><generatorName><![CDATA[b2]]></generatorName><type><![CDATA[2]]></type><value/><stringValue/></input><input><generatorName><![CDATA[b3]]></generatorName><type><![CDATA[2]]></type><value/><stringValue/></input><input><generatorName><![CDATA[b4]]></generatorName><type><![CDATA[2]]></type><value/><stringValue/></input><input><generatorName><![CDATA[hh1]]></generatorName><type><![CDATA[2]]></type><value/><stringValue/></input><input><generatorName><![CDATA[hh2]]></generatorName><type><![CDATA[2]]></type><value/><stringValue/></input><input><generatorName><![CDATA[hh4]]></generatorName><type><![CDATA[2]]></type><value/><stringValue/></input><input><generatorName><![CDATA[hh3]]></generatorName><type><![CDATA[2]]></type><value/><stringValue/></input><input><generatorName><![CDATA[hh5]]></generatorName><type><![CDATA[2]]></type><value/><stringValue/></input><input><generatorName><![CDATA[clap1]]></generatorName><type><![CDATA[2]]></type><value/><stringValue/></input><input><generatorName><![CDATA[clap3]]></generatorName><type><![CDATA[2]]></type><value/><stringValue/></input></inputs></generator><generator><folderPath/><type><![CDATA[de.schmiereck.noiseComp.generator.ModulGenerator#base drum]]></type><name><![CDATA[b1]]></name><startTime><![CDATA[0.0]]></startTime><endTime><![CDATA[1.0]]></endTime><inputs><input><type><![CDATA[1]]></type><value><![CDATA[60.0]]></value><stringValue><![CDATA[60.0]]></stringValue></input></inputs></generator><generator><folderPath/><type><![CDATA[de.schmiereck.noiseComp.generator.ModulGenerator#base drum]]></type><name><![CDATA[b2]]></name><startTime><![CDATA[0.5]]></startTime><endTime><![CDATA[1.5]]></endTime><inputs><input><type><![CDATA[1]]></type><value><![CDATA[90.0]]></value><stringValue><![CDATA[90.0]]></stringValue></input></inputs></generator><generator><folderPath/><type><![CDATA[de.schmiereck.noiseComp.generator.ModulGenerator#base drum]]></type><name><![CDATA[b3]]></name><startTime><![CDATA[1.0]]></startTime><endTime><![CDATA[2.0]]></endTime><inputs><input><type><![CDATA[1]]></type><value><![CDATA[60.0]]></value><stringValue><![CDATA[60.0]]></stringValue></input></inputs></generator><generator><folderPath/><type><![CDATA[de.schmiereck.noiseComp.generator.ModulGenerator#base drum]]></type><name><![CDATA[b4]]></name><startTime><![CDATA[1.5]]></startTime><endTime><![CDATA[2.5]]></endTime><inputs><input><type><![CDATA[1]]></type><value><![CDATA[90.0]]></value><stringValue><![CDATA[90]]></stringValue></input></inputs></generator><generator><folderPath/><type><![CDATA[de.schmiereck.noiseComp.generator.ModulGenerator#hihat]]></type><name><![CDATA[hh1]]></name><startTime><![CDATA[0.25]]></startTime><endTime><![CDATA[0.5]]></endTime></generator><generator><folderPath/><type><![CDATA[de.schmiereck.noiseComp.generator.ModulGenerator#hihat]]></type><name><![CDATA[hh2]]></name><startTime><![CDATA[0.7]]></startTime><endTime><![CDATA[0.95]]></endTime><inputs><input><type><![CDATA[1]]></type><value><![CDATA[0.75]]></value><stringValue><![CDATA[0.75]]></stringValue></input></inputs></generator><generator><folderPath/><type><![CDATA[de.schmiereck.noiseComp.generator.ModulGenerator#hihat]]></type><name><![CDATA[hh3]]></name><startTime><![CDATA[1.25]]></startTime><endTime><![CDATA[1.5]]></endTime><inputs><input><type><![CDATA[1]]></type><value><![CDATA[0.75]]></value><stringValue><![CDATA[0.75]]></stringValue></input></inputs></generator><generator><folderPath/><type><![CDATA[de.schmiereck.noiseComp.generator.ModulGenerator#hihat]]></type><name><![CDATA[hh4]]></name><startTime><![CDATA[1.75]]></startTime><endTime><![CDATA[2.0]]></endTime><inputs><input><type><![CDATA[1]]></type><value><![CDATA[0.5]]></value><stringValue><![CDATA[.5]]></stringValue></input></inputs></generator><generator><folderPath/><type><![CDATA[de.schmiereck.noiseComp.generator.ModulGenerator#hihat]]></type><name><![CDATA[hh5]]></name><startTime><![CDATA[1.5]]></startTime><endTime><![CDATA[1.75]]></endTime></generator><generator><folderPath/><type><![CDATA[de.schmiereck.noiseComp.generator.ModulGenerator#clap]]></type><name><![CDATA[clap1]]></name><startTime><![CDATA[0.5]]></startTime><endTime><![CDATA[0.8]]></endTime></generator><generator><folderPath/><type><![CDATA[de.schmiereck.noiseComp.generator.ModulGenerator#clap]]></type><name><![CDATA[clap3]]></name><startTime><![CDATA[1.4]]></startTime><endTime><![CDATA[1.8]]></endTime></generator></generators><tracks><track><generatorName><![CDATA[output]]></generatorName></track><track><generatorName><![CDATA[mixer]]></generatorName></track><track><generatorName><![CDATA[b1]]></generatorName></track><track><generatorName><![CDATA[b2]]></generatorName></track><track><generatorName><![CDATA[b3]]></generatorName></track><track><generatorName><![CDATA[b4]]></generatorName></track><track><generatorName><![CDATA[hh1]]></generatorName></track><track><generatorName><![CDATA[hh2]]></generatorName></track><track><generatorName><![CDATA[hh3]]></generatorName></track><track><generatorName><![CDATA[hh4]]></generatorName></track><track><generatorName><![CDATA[hh5]]></generatorName></track><track><generatorName><![CDATA[clap1]]></generatorName></track><track><generatorName><![CDATA[clap3]]></generatorName></track></tracks></generatorType><generatorType><generatorTypeClassName><![CDATA[de.schmiereck.noiseComp.generator.ModulGeneratorTypeData]]></generatorTypeClassName><generatorClassName><![CDATA[de.schmiereck.noiseComp.generator.ModulGenerator#h1]]></generatorClassName><folderPath/><name><![CDATA[h1]]></name><description><![CDATA[Manages a Group of other generators.]]></description><view><zoomX><![CDATA[303.75]]></zoomX><ticksCount><![CDATA[0.01]]></ticksCount><ticksPer><![CDATA[Milliseconds]]></ticksPer></view><inputTypes/><generators><generator><folderPath/><type><![CDATA[de.schmiereck.noiseComp.generator.OutputGenerator]]></type><name><![CDATA[h1-out]]></name><startTime><![CDATA[0.0]]></startTime><endTime><![CDATA[1.0]]></endTime><inputs><input><generatorName><![CDATA[h1-f]]></generatorName><type><![CDATA[1]]></type><value/><stringValue/></input></inputs></generator><generator><folderPath/><type><![CDATA[de.schmiereck.noiseComp.generator.MixerGenerator]]></type><name><![CDATA[h1-f]]></name><startTime><![CDATA[0.0]]></startTime><endTime><![CDATA[1.0]]></endTime><inputs><input><generatorName><![CDATA[h1-f1in]]></generatorName><type><![CDATA[2]]></type><value/><stringValue/></input><input><generatorName><![CDATA[h1-f12]]></generatorName><type><![CDATA[2]]></type><value/><stringValue/></input><input><generatorName><![CDATA[h1-f13]]></generatorName><type><![CDATA[2]]></type><value/><stringValue/></input><input><generatorName><![CDATA[h1-f14]]></generatorName><type><![CDATA[2]]></type><value/><stringValue/></input><input><generatorName><![CDATA[h1-f15]]></generatorName><type><![CDATA[2]]></type><value/><stringValue/></input><input><generatorName><![CDATA[h1-f16]]></generatorName><type><![CDATA[2]]></type><value/><stringValue/></input></inputs></generator><generator><folderPath/><type><![CDATA[de.schmiereck.noiseComp.generator.FaderGenerator]]></type><name><![CDATA[h1-f1in]]></name><startTime><![CDATA[0.0]]></startTime><endTime><![CDATA[0.2]]></endTime><inputs><input><type><![CDATA[1]]></type><value><![CDATA[1.0]]></value><stringValue><![CDATA[1]]></stringValue></input><input><type><![CDATA[2]]></type><value><![CDATA[0.4]]></value><stringValue><![CDATA[0.4]]></stringValue></input></inputs></generator><generator><folderPath/><type><![CDATA[de.schmiereck.noiseComp.generator.FaderGenerator]]></type><name><![CDATA[h1-f12]]></name><startTime><![CDATA[0.2]]></startTime><endTime><![CDATA[0.4]]></endTime><inputs><input><type><![CDATA[1]]></type><value><![CDATA[0.4]]></value><stringValue><![CDATA[0.4]]></stringValue></input><input><type><![CDATA[2]]></type><value><![CDATA[0.2]]></value><stringValue><![CDATA[0.2]]></stringValue></input></inputs></generator><generator><folderPath/><type><![CDATA[de.schmiereck.noiseComp.generator.FaderGenerator]]></type><name><![CDATA[h1-f13]]></name><startTime><![CDATA[0.4]]></startTime><endTime><![CDATA[0.6]]></endTime><inputs><input><type><![CDATA[2]]></type><value><![CDATA[0.25]]></value><stringValue><![CDATA[0.25]]></stringValue></input><input><type><![CDATA[1]]></type><value><![CDATA[0.2]]></value><stringValue><![CDATA[0.2]]></stringValue></input></inputs></generator><generator><folderPath/><type><![CDATA[de.schmiereck.noiseComp.generator.FaderGenerator]]></type><name><![CDATA[h1-f14]]></name><startTime><![CDATA[0.6]]></startTime><endTime><![CDATA[0.7]]></endTime><inputs><input><type><![CDATA[1]]></type><value><![CDATA[0.25]]></value><stringValue><![CDATA[0.25]]></stringValue></input><input><type><![CDATA[2]]></type><value><![CDATA[0.3]]></value><stringValue><![CDATA[0.3]]></stringValue></input></inputs></generator><generator><folderPath/><type><![CDATA[de.schmiereck.noiseComp.generator.FaderGenerator]]></type><name><![CDATA[h1-f15]]></name><startTime><![CDATA[0.7]]></startTime><endTime><![CDATA[0.8]]></endTime><inputs><input><type><![CDATA[1]]></type><value><![CDATA[0.3]]></value><stringValue><![CDATA[0.3]]></stringValue></input><input><type><![CDATA[2]]></type><value><![CDATA[0.2]]></value><stringValue><![CDATA[0.2]]></stringValue></input></inputs></generator><generator><folderPath/><type><![CDATA[de.schmiereck.noiseComp.generator.FaderGenerator]]></type><name><![CDATA[h1-f16]]></name><startTime><![CDATA[0.8]]></startTime><endTime><![CDATA[1.0]]></endTime><inputs><input><type><![CDATA[1]]></type><value><![CDATA[0.2]]></value><stringValue><![CDATA[0.2]]></stringValue></input><input><type><![CDATA[2]]></type><value><![CDATA[0.0]]></value><stringValue><![CDATA[0]]></stringValue></input></inputs></generator></generators><tracks><track><generatorName><![CDATA[h1-out]]></generatorName></track><track><generatorName><![CDATA[h1-f]]></generatorName></track><track><generatorName><![CDATA[h1-f1in]]></generatorName></track><track><generatorName><![CDATA[h1-f12]]></generatorName></track><track><generatorName><![CDATA[h1-f13]]></generatorName></track><track><generatorName><![CDATA[h1-f14]]></generatorName></track><track><generatorName><![CDATA[h1-f15]]></generatorName></track><track><generatorName><![CDATA[h1-f16]]></generatorName></track></tracks></generatorType><generatorType><generatorTypeClassName><![CDATA[de.schmiereck.noiseComp.generator.ModulGeneratorTypeData]]></generatorTypeClassName><generatorClassName><![CDATA[de.schmiereck.noiseComp.generator.ModulGenerator#h2]]></generatorClassName><folderPath/><name><![CDATA[h2]]></name><description><![CDATA[Manages a Group of other generators.]]></description><view><zoomX><![CDATA[303.75]]></zoomX><ticksCount><![CDATA[0.01]]></ticksCount><ticksPer><![CDATA[Milliseconds]]></ticksPer></view><inputTypes/><generators><generator><folderPath/><type><![CDATA[de.schmiereck.noiseComp.generator.OutputGenerator]]></type><name><![CDATA[h2-h]]></name><startTime><![CDATA[0.0]]></startTime><endTime><![CDATA[1.0]]></endTime><inputs><input><generatorName><![CDATA[h2-m]]></generatorName><type><![CDATA[1]]></type><value/><stringValue/></input></inputs></generator><generator><folderPath/><type><![CDATA[de.schmiereck.noiseComp.generator.MixerGenerator]]></type><name><![CDATA[h2-m]]></name><startTime><![CDATA[0.0]]></startTime><endTime><![CDATA[1.0]]></endTime><inputs><input><generatorName><![CDATA[h2-h1]]></generatorName><type><![CDATA[2]]></type><value/><stringValue/></input><input><generatorName><![CDATA[h2-h2]]></generatorName><type><![CDATA[2]]></type><value/><stringValue/></input><input><generatorName><![CDATA[h2-h3]]></generatorName><type><![CDATA[2]]></type><value/><stringValue/></input></inputs></generator><generator><folderPath/><type><![CDATA[de.schmiereck.noiseComp.generator.FaderGenerator]]></type><name><![CDATA[h2-h1]]></name><startTime><![CDATA[0.0]]></startTime><endTime><![CDATA[0.3]]></endTime><inputs><input><type><![CDATA[1]]></type><value><![CDATA[1.0]]></value><stringValue><![CDATA[1]]></stringValue></input><input><type><![CDATA[2]]></type><value><![CDATA[0.0]]></value><stringValue><![CDATA[0]]></stringValue></input></inputs></generator><generator><folderPath/><type><![CDATA[de.schmiereck.noiseComp.generator.FaderGenerator]]></type><name><![CDATA[h2-h2]]></name><startTime><![CDATA[0.3]]></startTime><endTime><![CDATA[0.6]]></endTime><inputs><input><type><![CDATA[2]]></type><value><![CDATA[1.0]]></value><stringValue><![CDATA[1]]></stringValue></input><input><type><![CDATA[1]]></type><value><![CDATA[0.0]]></value><stringValue><![CDATA[0]]></stringValue></input></inputs></generator><generator><folderPath/><type><![CDATA[de.schmiereck.noiseComp.generator.FaderGenerator]]></type><name><![CDATA[h2-h3]]></name><startTime><![CDATA[0.6]]></startTime><endTime><![CDATA[0.8]]></endTime><inputs><input><type><![CDATA[1]]></type><value><![CDATA[1.0]]></value><stringValue><![CDATA[1]]></stringValue></input><input><type><![CDATA[2]]></type><value><![CDATA[0.0]]></value><stringValue><![CDATA[0]]></stringValue></input></inputs></generator></generators><tracks><track><generatorName><![CDATA[h2-h]]></generatorName></track><track><generatorName><![CDATA[h2-m]]></generatorName></track><track><generatorName><![CDATA[h2-h1]]></generatorName></track><track><generatorName><![CDATA[h2-h2]]></generatorName></track><track><generatorName><![CDATA[h2-h3]]></generatorName></track></tracks></generatorType><generatorType><generatorTypeClassName><![CDATA[de.schmiereck.noiseComp.generator.ModulGeneratorTypeData]]></generatorTypeClassName><generatorClassName><![CDATA[de.schmiereck.noiseComp.generator.ModulGenerator#s1]]></generatorClassName><folderPath/><name><![CDATA[s1]]></name><description><![CDATA[Manages a Group of other generators.]]></description><view><zoomX><![CDATA[455.625]]></zoomX><ticksCount><![CDATA[0.01]]></ticksCount><ticksPer><![CDATA[Milliseconds]]></ticksPer></view><inputTypes><inputType><name><![CDATA[freq]]></name><type><![CDATA[1]]></type><countMin><![CDATA[-1]]></countMin><countMax><![CDATA[-1]]></countMax><defaultValue><![CDATA[152.0]]></defaultValue><description/></inputType></inputTypes><generators><generator><folderPath/><type><![CDATA[de.schmiereck.noiseComp.generator.OutputGenerator]]></type><name><![CDATA[s1-out]]></name><startTime><![CDATA[0.0]]></startTime><endTime><![CDATA[1.0]]></endTime><inputs><input><generatorName><![CDATA[s1-mix]]></generatorName><type><![CDATA[1]]></type><value/><stringValue/></input></inputs></generator><generator><folderPath/><type><![CDATA[de.schmiereck.noiseComp.generator.MixerGenerator]]></type><name><![CDATA[s1-mix]]></name><startTime><![CDATA[0.0]]></startTime><endTime><![CDATA[1.0]]></endTime><inputs><input><generatorName><![CDATA[s1-s]]></generatorName><type><![CDATA[2]]></type><value/><stringValue/></input><input><generatorName><![CDATA[s1-sth]]></generatorName><type><![CDATA[2]]></type><value/><stringValue/></input><input><type><![CDATA[1]]></type><value><![CDATA[0.5]]></value><stringValue><![CDATA[0.5]]></stringValue></input></inputs></generator><generator><folderPath/><type><![CDATA[de.schmiereck.noiseComp.generator.TanhGenerator]]></type><name><![CDATA[s1-sth]]></name><startTime><![CDATA[0.0]]></startTime><endTime><![CDATA[1.0]]></endTime><inputs><input><generatorName><![CDATA[s1-s]]></generatorName><type><![CDATA[1]]></type><value/><stringValue/></input></inputs></generator><generator><folderPath/><type><![CDATA[de.schmiereck.noiseComp.generator.SinusGenerator]]></type><name><![CDATA[s1-s]]></name><startTime><![CDATA[0.0]]></startTime><endTime><![CDATA[1.0]]></endTime><inputs><input><generatorName><![CDATA[s1-mu]]></generatorName><type><![CDATA[4]]></type><value/><stringValue/></input></inputs></generator><generator><folderPath/><type><![CDATA[de.schmiereck.noiseComp.generator.MultiplierGenerator]]></type><name><![CDATA[s1-mu]]></name><startTime><![CDATA[0.0]]></startTime><endTime><![CDATA[1.0]]></endTime><inputs><input><type><![CDATA[1]]></type><value/><stringValue/><inputModulInputType><![CDATA[1]]></inputModulInputType></input><input><generatorName><![CDATA[s1-i1]]></generatorName><type><![CDATA[2]]></type><value/><stringValue/></input></inputs></generator><generator><folderPath/><type><![CDATA[de.schmiereck.noiseComp.generator.IntegratorGenerator]]></type><name><![CDATA[s1-i1]]></name><startTime><![CDATA[0.0]]></startTime><endTime><![CDATA[1.0]]></endTime><inputs><input><generatorName><![CDATA[s1-h1]]></generatorName><type><![CDATA[1]]></type><value/><stringValue/></input></inputs></generator><generator><folderPath/><type><![CDATA[de.schmiereck.noiseComp.generator.ModulGenerator#h1]]></type><name><![CDATA[s1-h1]]></name><startTime><![CDATA[0.0]]></startTime><endTime><![CDATA[1.0]]></endTime></generator></generators><tracks><track><generatorName><![CDATA[s1-out]]></generatorName></track><track><generatorName><![CDATA[s1-mix]]></generatorName></track><track><generatorName><![CDATA[s1-sth]]></generatorName></track><track><generatorName><![CDATA[s1-s]]></generatorName></track><track><generatorName><![CDATA[s1-mu]]></generatorName></track><track><generatorName><![CDATA[s1-i1]]></generatorName></track><track><generatorName><![CDATA[s1-h1]]></generatorName></track></tracks></generatorType><generatorType><generatorTypeClassName><![CDATA[de.schmiereck.noiseComp.generator.ModulGeneratorTypeData]]></generatorTypeClassName><generatorClassName><![CDATA[de.schmiereck.noiseComp.generator.ModulGenerator#base drum]]></generatorClassName><folderPath/><name><![CDATA[base drum]]></name><description><![CDATA[Manages a Group of other generators.]]></description><view><zoomX><![CDATA[455.625]]></zoomX><ticksCount><![CDATA[0.01]]></ticksCount><ticksPer><![CDATA[Milliseconds]]></ticksPer></view><inputTypes><inputType><name><![CDATA[bd-freq]]></name><type><![CDATA[1]]></type><countMin><![CDATA[-1]]></countMin><countMax><![CDATA[-1]]></countMax><defaultValue><![CDATA[261.0]]></defaultValue><description/></inputType></inputTypes><generators><generator><folderPath/><type><![CDATA[de.schmiereck.noiseComp.generator.OutputGenerator]]></type><name><![CDATA[bd-out]]></name><startTime><![CDATA[0.0]]></startTime><endTime><![CDATA[1.0]]></endTime><inputs><input><generatorName><![CDATA[bd-m]]></generatorName><type><![CDATA[1]]></type><value/><stringValue/></input></inputs></generator><generator><folderPath/><type><![CDATA[de.schmiereck.noiseComp.generator.MixerGenerator]]></type><name><![CDATA[bd-m]]></name><startTime><![CDATA[0.0]]></startTime><endTime><![CDATA[1.0]]></endTime><inputs><input><generatorName><![CDATA[bd-s1]]></generatorName><type><![CDATA[2]]></type><value/><stringValue/></input><input><generatorName><![CDATA[bd-f1]]></generatorName><type><![CDATA[1]]></type><value/><stringValue/></input><input><generatorName><![CDATA[bd-f2]]></generatorName><type><![CDATA[1]]></type><value/><stringValue/></input></inputs></generator><generator><folderPath/><type><![CDATA[de.schmiereck.noiseComp.generator.FaderGenerator]]></type><name><![CDATA[bd-f1]]></name><startTime><![CDATA[0.0]]></startTime><endTime><![CDATA[0.01]]></endTime><inputs><input><type><![CDATA[1]]></type><value><![CDATA[0.0]]></value><stringValue><![CDATA[0]]></stringValue></input><input><type><![CDATA[2]]></type><value><![CDATA[1.0]]></value><stringValue><![CDATA[1]]></stringValue></input></inputs></generator><generator><folderPath/><type><![CDATA[de.schmiereck.noiseComp.generator.FaderGenerator]]></type><name><![CDATA[bd-f2]]></name><startTime><![CDATA[0.01]]></startTime><endTime><![CDATA[1.0]]></endTime><inputs><input><type><![CDATA[1]]></type><value><![CDATA[1.0]]></value><stringValue><![CDATA[1]]></stringValue></input><input><type><![CDATA[2]]></type><value><![CDATA[0.0]]></value><stringValue><![CDATA[0]]></stringValue></input></inputs></generator><generator><folderPath/><type><![CDATA[de.schmiereck.noiseComp.generator.ModulGenerator#s1]]></type><name><![CDATA[bd-s1]]></name><startTime><![CDATA[0.0]]></startTime><endTime><![CDATA[1.0]]></endTime><inputs><input><type><![CDATA[1]]></type><value/><stringValue/><inputModulInputType><![CDATA[1]]></inputModulInputType></input></inputs></generator></generators><tracks><track><generatorName><![CDATA[bd-out]]></generatorName></track><track><generatorName><![CDATA[bd-m]]></generatorName></track><track><generatorName><![CDATA[bd-f1]]></generatorName></track><track><generatorName><![CDATA[bd-f2]]></generatorName></track><track><generatorName><![CDATA[bd-s1]]></generatorName></track></tracks></generatorType><generatorType><generatorTypeClassName><![CDATA[de.schmiereck.noiseComp.generator.ModulGeneratorTypeData]]></generatorTypeClassName><generatorClassName><![CDATA[de.schmiereck.noiseComp.generator.ModulGenerator#s2]]></generatorClassName><folderPath/><name><![CDATA[s2]]></name><description><![CDATA[Manages a Group of other generators.]]></description><view><zoomX><![CDATA[455.625]]></zoomX><ticksCount><![CDATA[0.01]]></ticksCount><ticksPer><![CDATA[Milliseconds]]></ticksPer></view><inputTypes/><generators><generator><folderPath/><type><![CDATA[de.schmiereck.noiseComp.generator.OutputGenerator]]></type><name><![CDATA[out]]></name><startTime><![CDATA[0.0]]></startTime><endTime><![CDATA[1.0]]></endTime><inputs><input><generatorName><![CDATA[s2]]></generatorName><type><![CDATA[1]]></type><value/><stringValue/></input></inputs></generator><generator><folderPath/><type><![CDATA[de.schmiereck.noiseComp.generator.SinusGenerator]]></type><name><![CDATA[s2]]></name><startTime><![CDATA[0.0]]></startTime><endTime><![CDATA[1.0]]></endTime><inputs><input><generatorName><![CDATA[m]]></generatorName><type><![CDATA[4]]></type><value/><stringValue/></input></inputs></generator><generator><folderPath/><type><![CDATA[de.schmiereck.noiseComp.generator.MultiplierGenerator]]></type><name><![CDATA[m]]></name><startTime><![CDATA[0.0]]></startTime><endTime><![CDATA[1.0]]></endTime><inputs><input><generatorName><![CDATA[i1]]></generatorName><type><![CDATA[1]]></type><value/><stringValue/></input><input><type><![CDATA[2]]></type><value><![CDATA[2.1]]></value><stringValue><![CDATA[2.1]]></stringValue></input><input><type><![CDATA[2]]></type><value><![CDATA[300.0]]></value><stringValue><![CDATA[300.0]]></stringValue></input></inputs></generator><generator><folderPath/><type><![CDATA[de.schmiereck.noiseComp.generator.IntegratorGenerator]]></type><name><![CDATA[i1]]></name><startTime><![CDATA[0.0]]></startTime><endTime><![CDATA[1.0]]></endTime><inputs><input><generatorName><![CDATA[h1]]></generatorName><type><![CDATA[1]]></type><value/><stringValue/></input></inputs></generator><generator><folderPath/><type><![CDATA[de.schmiereck.noiseComp.generator.ModulGenerator#h1]]></type><name><![CDATA[h1]]></name><startTime><![CDATA[0.0]]></startTime><endTime><![CDATA[1.0]]></endTime></generator></generators><tracks><track><generatorName><![CDATA[out]]></generatorName></track><track><generatorName><![CDATA[s2]]></generatorName></track><track><generatorName><![CDATA[m]]></generatorName></track><track><generatorName><![CDATA[i1]]></generatorName></track><track><generatorName><![CDATA[h1]]></generatorName></track></tracks></generatorType><generatorType><generatorTypeClassName><![CDATA[de.schmiereck.noiseComp.generator.ModulGeneratorTypeData]]></generatorTypeClassName><generatorClassName><![CDATA[de.schmiereck.noiseComp.generator.ModulGenerator#hihat]]></generatorClassName><folderPath/><name><![CDATA[hihat]]></name><description><![CDATA[Manages a Group of other generators.]]></description><view><zoomX><![CDATA[1537.7344]]></zoomX><ticksCount><![CDATA[0.1]]></ticksCount><ticksPer><![CDATA[Milliseconds]]></ticksPer></view><inputTypes><inputType><name><![CDATA[wgn1-v]]></name><type><![CDATA[1]]></type><countMin><![CDATA[-1]]></countMin><countMax><![CDATA[-1]]></countMax><defaultValue><![CDATA[0.1]]></defaultValue><description/></inputType></inputTypes><generators><generator><folderPath/><type><![CDATA[de.schmiereck.noiseComp.generator.OutputGenerator]]></type><name><![CDATA[o]]></name><startTime><![CDATA[0.0]]></startTime><endTime><![CDATA[0.25]]></endTime><inputs><input><generatorName><![CDATA[m1]]></generatorName><type><![CDATA[1]]></type><value/><stringValue/></input></inputs></generator><generator><folderPath/><type><![CDATA[de.schmiereck.noiseComp.generator.MixerGenerator]]></type><name><![CDATA[m1]]></name><startTime><![CDATA[0.0]]></startTime><endTime><![CDATA[0.25]]></endTime><inputs><input><generatorName><![CDATA[fin]]></generatorName><type><![CDATA[1]]></type><value/><stringValue/></input><input><generatorName><![CDATA[fout]]></generatorName><type><![CDATA[1]]></type><value/><stringValue/></input><input><generatorName><![CDATA[pn1]]></generatorName><type><![CDATA[2]]></type><value/><stringValue/></input><input><generatorName><![CDATA[fout2]]></generatorName><type><![CDATA[1]]></type><value/><stringValue/></input><input><type><![CDATA[1]]></type><value><![CDATA[0.5]]></value><stringValue><![CDATA[.5]]></stringValue></input><input><generatorName><![CDATA[wgn1]]></generatorName><type><![CDATA[2]]></type><value/><stringValue/></input></inputs></generator><generator><folderPath/><type><![CDATA[de.schmiereck.noiseComp.generator.FaderGenerator]]></type><name><![CDATA[fin]]></name><startTime><![CDATA[0.0]]></startTime><endTime><![CDATA[0.05]]></endTime><inputs><input><type><![CDATA[1]]></type><value><![CDATA[0.0]]></value><stringValue><![CDATA[0]]></stringValue></input><input><type><![CDATA[2]]></type><value><![CDATA[1.0]]></value><stringValue><![CDATA[1]]></stringValue></input></inputs></generator><generator><folderPath/><type><![CDATA[de.schmiereck.noiseComp.generator.FaderGenerator]]></type><name><![CDATA[fout2]]></name><startTime><![CDATA[0.05]]></startTime><endTime><![CDATA[0.1]]></endTime><inputs><input><type><![CDATA[1]]></type><value><![CDATA[1.0]]></value><stringValue><![CDATA[1]]></stringValue></input><input><type><![CDATA[2]]></type><value><![CDATA[0.1]]></value><stringValue><![CDATA[.1]]></stringValue></input></inputs></generator><generator><folderPath/><type><![CDATA[de.schmiereck.noiseComp.generator.FaderGenerator]]></type><name><![CDATA[fout]]></name><startTime><![CDATA[0.1]]></startTime><endTime><![CDATA[0.25]]></endTime><inputs><input><type><![CDATA[1]]></type><value><![CDATA[0.1]]></value><stringValue><![CDATA[0.1]]></stringValue></input><input><type><![CDATA[2]]></type><value><![CDATA[0.0]]></value><stringValue><![CDATA[0]]></stringValue></input></inputs></generator><generator><folderPath/><type><![CDATA[de.schmiereck.noiseComp.generator.PinkNoise2Generator]]></type><name><![CDATA[pn1]]></name><startTime><![CDATA[0.0]]></startTime><endTime><![CDATA[0.25]]></endTime><inputs><input><type><![CDATA[2]]></type><value><![CDATA[0.0050]]></value><stringValue><![CDATA[0.0050]]></stringValue></input><input><type><![CDATA[1]]></type><value><![CDATA[0.025]]></value><stringValue><![CDATA[0.025]]></stringValue></input><input><type><![CDATA[3]]></type><value><![CDATA[0.01]]></value><stringValue><![CDATA[0.01]]></stringValue></input></inputs></generator><generator><folderPath/><type><![CDATA[de.schmiereck.noiseComp.generator.WhiteNoiseGenerator]]></type><name><![CDATA[wgn1]]></name><startTime><![CDATA[0.0]]></startTime><endTime><![CDATA[0.25]]></endTime><inputs><input><type><![CDATA[2]]></type><value/><stringValue/><inputModulInputType><![CDATA[1]]></inputModulInputType></input><input><type><![CDATA[1]]></type><value><![CDATA[0.5]]></value><stringValue><![CDATA[0.5]]></stringValue></input></inputs></generator></generators><tracks><track><generatorName><![CDATA[o]]></generatorName></track><track><generatorName><![CDATA[m1]]></generatorName></track><track><generatorName><![CDATA[fin]]></generatorName></track><track><generatorName><![CDATA[fout2]]></generatorName></track><track><generatorName><![CDATA[fout]]></generatorName></track><track><generatorName><![CDATA[pn1]]></generatorName></track><track><generatorName><![CDATA[wgn1]]></generatorName></track></tracks></generatorType><generatorType><generatorTypeClassName><![CDATA[de.schmiereck.noiseComp.generator.ModulGeneratorTypeData]]></generatorTypeClassName><generatorClassName><![CDATA[de.schmiereck.noiseComp.generator.ModulGenerator#drum-line 1]]></generatorClassName><folderPath/><name><![CDATA[drum-line 1]]></name><description><![CDATA[Manages a Group of other generators.]]></description><view><zoomX><![CDATA[40.0]]></zoomX><ticksCount><![CDATA[1.0]]></ticksCount><ticksPer><![CDATA[Seconds]]></ticksPer></view><inputTypes/><generators><generator><folderPath/><type><![CDATA[de.schmiereck.noiseComp.generator.OutputGenerator]]></type><name><![CDATA[o]]></name><startTime><![CDATA[0.0]]></startTime><endTime><![CDATA[9.0]]></endTime><inputs><input><generatorName><![CDATA[m1]]></generatorName><type><![CDATA[1]]></type><value/><stringValue/></input></inputs></generator><generator><folderPath/><type><![CDATA[de.schmiereck.noiseComp.generator.MixerGenerator]]></type><name><![CDATA[m1]]></name><startTime><![CDATA[0.0]]></startTime><endTime><![CDATA[9.0]]></endTime><inputs><input><generatorName><![CDATA[mm1]]></generatorName><type><![CDATA[2]]></type><value/><stringValue/></input><input><generatorName><![CDATA[mm2]]></generatorName><type><![CDATA[2]]></type><value/><stringValue/></input><input><generatorName><![CDATA[mm3]]></generatorName><type><![CDATA[2]]></type><value/><stringValue/></input><input><generatorName><![CDATA[mm4]]></generatorName><type><![CDATA[2]]></type><value/><stringValue/></input></inputs></generator><generator><folderPath/><type><![CDATA[de.schmiereck.noiseComp.generator.ModulGenerator#drum-set 1]]></type><name><![CDATA[mm1]]></name><startTime><![CDATA[0.0]]></startTime><endTime><![CDATA[3.0]]></endTime></generator><generator><folderPath/><type><![CDATA[de.schmiereck.noiseComp.generator.ModulGenerator#drum-set 1]]></type><name><![CDATA[mm2]]></name><startTime><![CDATA[2.0]]></startTime><endTime><![CDATA[5.0]]></endTime></generator><generator><folderPath/><type><![CDATA[de.schmiereck.noiseComp.generator.ModulGenerator#drum-set 1]]></type><name><![CDATA[mm3]]></name><startTime><![CDATA[4.0]]></startTime><endTime><![CDATA[7.0]]></endTime></generator><generator><folderPath/><type><![CDATA[de.schmiereck.noiseComp.generator.ModulGenerator#drum-set 1]]></type><name><![CDATA[mm4]]></name><startTime><![CDATA[6.0]]></startTime><endTime><![CDATA[9.0]]></endTime></generator></generators><tracks><track><generatorName><![CDATA[o]]></generatorName></track><track><generatorName><![CDATA[m1]]></generatorName></track><track><generatorName><![CDATA[mm1]]></generatorName></track><track><generatorName><![CDATA[mm2]]></generatorName></track><track><generatorName><![CDATA[mm3]]></generatorName></track><track><generatorName><![CDATA[mm4]]></generatorName></track></tracks></generatorType><generatorType><generatorTypeClassName><![CDATA[de.schmiereck.noiseComp.generator.ModulGeneratorTypeData]]></generatorTypeClassName><generatorClassName><![CDATA[de.schmiereck.noiseComp.generator.ModulGenerator#synth 1]]></generatorClassName><folderPath/><name><![CDATA[synth 1]]></name><description><![CDATA[Manages a Group of other generators.]]></description><view><zoomX><![CDATA[135.0]]></zoomX><ticksCount/><ticksPer/></view><inputTypes><inputType><name><![CDATA[bf]]></name><type><![CDATA[1]]></type><countMin><![CDATA[-1]]></countMin><countMax><![CDATA[-1]]></countMax><defaultValue><![CDATA[45.0]]></defaultValue><description/></inputType></inputTypes><generators><generator><folderPath/><type><![CDATA[de.schmiereck.noiseComp.generator.OutputGenerator]]></type><name><![CDATA[o]]></name><startTime><![CDATA[0.0]]></startTime><endTime><![CDATA[3.0]]></endTime><inputs><input><generatorName><![CDATA[m1]]></generatorName><type><![CDATA[1]]></type><value/><stringValue/></input></inputs></generator><generator><folderPath/><type><![CDATA[de.schmiereck.noiseComp.generator.MixerGenerator]]></type><name><![CDATA[m1]]></name><startTime><![CDATA[0.0]]></startTime><endTime><![CDATA[3.0]]></endTime><inputs><input><generatorName><![CDATA[asr1]]></generatorName><type><![CDATA[2]]></type><value/><stringValue/></input><input><generatorName><![CDATA[cvib1]]></generatorName><type><![CDATA[2]]></type><value/><stringValue/></input><input><type><![CDATA[1]]></type><value><![CDATA[0.25]]></value><stringValue><![CDATA[0.25]]></stringValue></input></inputs></generator><generator><folderPath/><type><![CDATA[de.schmiereck.noiseComp.generator.ASRPulseGenerator]]></type><name><![CDATA[asr1]]></name><startTime><![CDATA[0.0]]></startTime><endTime><![CDATA[3.0]]></endTime><inputs><input><generatorName><![CDATA[asr-bf]]></generatorName><type><![CDATA[1]]></type><value/><stringValue/></input><input><type><![CDATA[2]]></type><value><![CDATA[0.75]]></value><stringValue><![CDATA[0.75]]></stringValue></input><input><generatorName><![CDATA[a1]]></generatorName><type><![CDATA[3]]></type><value/><stringValue/></input><input><generatorName><![CDATA[s1]]></generatorName><type><![CDATA[4]]></type><value/><stringValue/></input><input><generatorName><![CDATA[r1]]></generatorName><type><![CDATA[5]]></type><value/><stringValue/></input></inputs></generator><generator><folderPath/><type><![CDATA[de.schmiereck.noiseComp.generator.FaderGenerator]]></type><name><![CDATA[a1]]></name><startTime><![CDATA[0.0]]></startTime><endTime><![CDATA[3.0]]></endTime><inputs><input><type><![CDATA[1]]></type><value><![CDATA[0.01]]></value><stringValue><![CDATA[0.01]]></stringValue></input><input><type><![CDATA[2]]></type><value><![CDATA[0.1]]></value><stringValue><![CDATA[.1]]></stringValue></input></inputs></generator><generator><folderPath/><type><![CDATA[de.schmiereck.noiseComp.generator.FaderGenerator]]></type><name><![CDATA[s1]]></name><startTime><![CDATA[0.0]]></startTime><endTime><![CDATA[3.0]]></endTime><inputs><input><type><![CDATA[1]]></type><value><![CDATA[0.3]]></value><stringValue><![CDATA[.3]]></stringValue></input><input><type><![CDATA[2]]></type><value><![CDATA[0.2]]></value><stringValue><![CDATA[0.2]]></stringValue></input></inputs></generator><generator><folderPath/><type><![CDATA[de.schmiereck.noiseComp.generator.FaderGenerator]]></type><name><![CDATA[r1]]></name><startTime><![CDATA[0.0]]></startTime><endTime><![CDATA[3.0]]></endTime><inputs><input><type><![CDATA[1]]></type><value><![CDATA[0.2]]></value><stringValue><![CDATA[.2]]></stringValue></input><input><type><![CDATA[2]]></type><value><![CDATA[0.05]]></value><stringValue><![CDATA[0.05]]></stringValue></input></inputs></generator><generator><folderPath/><type><![CDATA[de.schmiereck.noiseComp.generator.CutGenerator]]></type><name><![CDATA[cvib1]]></name><startTime><![CDATA[0.0]]></startTime><endTime><![CDATA[3.0]]></endTime><inputs><input><generatorName><![CDATA[vib1]]></generatorName><type><![CDATA[3]]></type><value><![CDATA[0.0]]></value><stringValue><![CDATA[0.0]]></stringValue></input><input><generatorName><![CDATA[cvibf1]]></generatorName><type><![CDATA[1]]></type><value/><stringValue/></input><input><type><![CDATA[2]]></type><value><![CDATA[-0.2]]></value><stringValue><![CDATA[-0.2]]></stringValue></input></inputs></generator><generator><folderPath/><type><![CDATA[de.schmiereck.noiseComp.generator.FaderGenerator]]></type><name><![CDATA[cvibf1]]></name><startTime><![CDATA[0.0]]></startTime><endTime><![CDATA[3.0]]></endTime><inputs><input><type><![CDATA[1]]></type><value><![CDATA[0.3]]></value><stringValue><![CDATA[0.3]]></stringValue></input><input><type><![CDATA[2]]></type><value><![CDATA[0.01]]></value><stringValue><![CDATA[.01]]></stringValue></input></inputs></generator><generator><folderPath/><type><![CDATA[de.schmiereck.noiseComp.generator.SinusGenerator]]></type><name><![CDATA[vib1]]></name><startTime><![CDATA[0.0]]></startTime><endTime><![CDATA[3.0]]></endTime><inputs><input><generatorName><![CDATA[vib-bf]]></generatorName><type><![CDATA[1]]></type><value/><stringValue/></input><input><generatorName><![CDATA[vibv1]]></generatorName><type><![CDATA[2]]></type><value/><stringValue/></input></inputs></generator><generator><folderPath/><type><![CDATA[de.schmiereck.noiseComp.generator.MultiplierGenerator]]></type><name><![CDATA[vib-bf]]></name><startTime><![CDATA[0.0]]></startTime><endTime><![CDATA[3.0]]></endTime><inputs><input><generatorName><![CDATA[asr-bf]]></generatorName><type><![CDATA[1]]></type><value/><stringValue/></input><input><type><![CDATA[2]]></type><value><![CDATA[2.933]]></value><stringValue><![CDATA[2.933]]></stringValue></input></inputs></generator><generator><folderPath/><type><![CDATA[de.schmiereck.noiseComp.generator.FaderGenerator]]></type><name><![CDATA[vibv1]]></name><startTime><![CDATA[0.0]]></startTime><endTime><![CDATA[3.0]]></endTime><inputs><input><type><![CDATA[1]]></type><value><![CDATA[0.5]]></value><stringValue><![CDATA[.5]]></stringValue></input><input><type><![CDATA[2]]></type><value><![CDATA[0.0]]></value><stringValue><![CDATA[0]]></stringValue></input></inputs></generator><generator><folderPath/><type><![CDATA[de.schmiereck.noiseComp.generator.MultiplierGenerator]]></type><name><![CDATA[asr-bf]]></name><startTime><![CDATA[0.0]]></startTime><endTime><![CDATA[3.0]]></endTime><inputs><input><type><![CDATA[2]]></type><value><![CDATA[1.0]]></value><stringValue><![CDATA[1]]></stringValue></input><input><type><![CDATA[1]]></type><value/><stringValue/><inputModulInputType><![CDATA[1]]></inputModulInputType></input></inputs></generator></generators><tracks><track><generatorName><![CDATA[o]]></generatorName></track><track><generatorName><![CDATA[m1]]></generatorName></track><track><generatorName><![CDATA[asr1]]></generatorName></track><track><generatorName><![CDATA[a1]]></generatorName></track><track><generatorName><![CDATA[s1]]></generatorName></track><track><generatorName><![CDATA[r1]]></generatorName></track><track><generatorName><![CDATA[cvib1]]></generatorName></track><track><generatorName><![CDATA[cvibf1]]></generatorName></track><track><generatorName><![CDATA[vib1]]></generatorName></track><track><generatorName><![CDATA[vib-bf]]></generatorName></track><track><generatorName><![CDATA[vibv1]]></generatorName></track><track><generatorName><![CDATA[asr-bf]]></generatorName></track></tracks></generatorType><generatorType><generatorTypeClassName><![CDATA[de.schmiereck.noiseComp.generator.ModulGeneratorTypeData]]></generatorTypeClassName><generatorClassName><![CDATA[de.schmiereck.noiseComp.generator.ModulGenerator#synth-line 1]]></generatorClassName><folderPath/><name><![CDATA[synth-line 1]]></name><description><![CDATA[Manages a Group of other generators.]]></description><isMain><![CDATA[true]]></isMain><view><zoomX><![CDATA[60.0]]></zoomX><ticksCount><![CDATA[5.0]]></ticksCount><ticksPer/></view><inputTypes/><generators><generator><folderPath/><type><![CDATA[de.schmiereck.noiseComp.generator.OutputGenerator]]></type><name><![CDATA[o]]></name><startTime><![CDATA[0.0]]></startTime><endTime><![CDATA[9.0]]></endTime><inputs><input><generatorName><![CDATA[m]]></generatorName><type><![CDATA[1]]></type><value/><stringValue/></input></inputs></generator><generator><folderPath/><type><![CDATA[de.schmiereck.noiseComp.generator.MixerGenerator]]></type><name><![CDATA[m]]></name><startTime><![CDATA[0.0]]></startTime><endTime><![CDATA[9.0]]></endTime><inputs><input><generatorName><![CDATA[synth1-1]]></generatorName><type><![CDATA[2]]></type><value/><stringValue/></input><input><generatorName><![CDATA[synth1-2]]></generatorName><type><![CDATA[2]]></type><value/><stringValue/></input><input><generatorName><![CDATA[synth1-3]]></generatorName><type><![CDATA[2]]></type><value/><stringValue/></input><input><generatorName><![CDATA[synth1-4]]></generatorName><type><![CDATA[2]]></type><value/><stringValue/></input><input><generatorName><![CDATA[dum-line-1-1]]></generatorName><type><![CDATA[2]]></type><value/><stringValue/></input><input><generatorName><![CDATA[synth1-5]]></generatorName><type><![CDATA[2]]></type><value/><stringValue/></input><input><generatorName><![CDATA[synth1-6]]></generatorName><type><![CDATA[2]]></type><value/><stringValue/></input><input><generatorName><![CDATA[ss1]]></generatorName><type><![CDATA[2]]></type><value/><stringValue/></input><input><generatorName><![CDATA[ss2]]></generatorName><type><![CDATA[2]]></type><value/><stringValue/></input><input><generatorName><![CDATA[ss1]]></generatorName><type><![CDATA[2]]></type><value/><stringValue/></input><input><generatorName><![CDATA[ss3]]></generatorName><type><![CDATA[2]]></type><value/><stringValue/></input><input><generatorName><![CDATA[ss4]]></generatorName><type><![CDATA[2]]></type><value/><stringValue/></input><input><generatorName><![CDATA[ss5]]></generatorName><type><![CDATA[2]]></type><value/><stringValue/></input><input><generatorName><![CDATA[ss6]]></generatorName><type><![CDATA[2]]></type><value/><stringValue/></input><input><generatorName><![CDATA[line3]]></generatorName><type><![CDATA[2]]></type><value/><stringValue/></input></inputs></generator><generator><folderPath/><type><![CDATA[de.schmiereck.noiseComp.generator.ModulGenerator#synth 1]]></type><name><![CDATA[synth1-2]]></name><startTime><![CDATA[2.0]]></startTime><endTime><![CDATA[2.3]]></endTime><inputs><input><type><![CDATA[1]]></type><value><![CDATA[65.0]]></value><stringValue><![CDATA[65,0]]></stringValue></input></inputs></generator><generator><folderPath/><type><![CDATA[de.schmiereck.noiseComp.generator.ModulGenerator#synth 1]]></type><name><![CDATA[synth1-1]]></name><startTime><![CDATA[0.0]]></startTime><endTime><![CDATA[0.5]]></endTime><inputs><input><type><![CDATA[1]]></type><value><![CDATA[33.0]]></value><stringValue><![CDATA[33,0]]></stringValue></input></inputs></generator><generator><folderPath/><type><![CDATA[de.schmiereck.noiseComp.generator.ModulGenerator#sawsyth]]></type><name><![CDATA[ss1]]></name><startTime><![CDATA[1.4]]></startTime><endTime><![CDATA[1.6]]></endTime><inputs><input><type><![CDATA[1]]></type><value><![CDATA[165.0]]></value><stringValue><![CDATA[165,0]]></stringValue></input></inputs></generator><generator><folderPath/><type><![CDATA[de.schmiereck.noiseComp.generator.ModulGenerator#synth 1]]></type><name><![CDATA[synth1-3]]></name><startTime><![CDATA[4.0]]></startTime><endTime><![CDATA[5.0]]></endTime><inputs><input><type><![CDATA[1]]></type><value><![CDATA[24.0]]></value><stringValue><![CDATA[24,0]]></stringValue></input></inputs></generator><generator><folderPath/><type><![CDATA[de.schmiereck.noiseComp.generator.ModulGenerator#synth 1]]></type><name><![CDATA[synth1-4]]></name><startTime><![CDATA[4.25]]></startTime><endTime><![CDATA[5.1]]></endTime><inputs><input><type><![CDATA[1]]></type><value><![CDATA[73.0]]></value><stringValue><![CDATA[73,0]]></stringValue></input></inputs></generator><generator><folderPath/><type><![CDATA[de.schmiereck.noiseComp.generator.ModulGenerator#synth 1]]></type><name><![CDATA[synth1-5]]></name><startTime><![CDATA[6.0]]></startTime><endTime><![CDATA[6.25]]></endTime><inputs><input><type><![CDATA[1]]></type><value><![CDATA[73.0]]></value><stringValue><![CDATA[73,0]]></stringValue></input></inputs></generator><generator><folderPath/><type><![CDATA[de.schmiereck.noiseComp.generator.ModulGenerator#synth 1]]></type><name><![CDATA[synth1-6]]></name><startTime><![CDATA[6.25]]></startTime><endTime><![CDATA[7.1]]></endTime><inputs><input><type><![CDATA[1]]></type><value><![CDATA[26.0]]></value><stringValue><![CDATA[26,0]]></stringValue></input></inputs></generator><generator><folderPath/><type><![CDATA[de.schmiereck.noiseComp.generator.ModulGenerator#sawsyth]]></type><name><![CDATA[ss1]]></name><startTime><![CDATA[0.4]]></startTime><endTime><![CDATA[0.8]]></endTime></generator><generator><folderPath/><type><![CDATA[de.schmiereck.noiseComp.generator.ModulGenerator#sawsyth]]></type><name><![CDATA[ss2]]></name><startTime><![CDATA[2.4]]></startTime><endTime><![CDATA[3.0]]></endTime><inputs><input><type><![CDATA[1]]></type><value><![CDATA[110.0]]></value><stringValue><![CDATA[110,0]]></stringValue></input></inputs></generator><generator><folderPath/><type><![CDATA[de.schmiereck.noiseComp.generator.ModulGenerator#sawsyth]]></type><name><![CDATA[ss3]]></name><startTime><![CDATA[3.6]]></startTime><endTime><![CDATA[3.8]]></endTime></generator><generator><folderPath/><type><![CDATA[de.schmiereck.noiseComp.generator.ModulGenerator#sawsyth]]></type><name><![CDATA[ss4]]></name><startTime><![CDATA[4.6]]></startTime><endTime><![CDATA[4.8]]></endTime><inputs><input><type><![CDATA[1]]></type><value><![CDATA[196.0]]></value><stringValue><![CDATA[196,0]]></stringValue></input></inputs></generator><generator><folderPath/><type><![CDATA[de.schmiereck.noiseComp.generator.ModulGenerator#sawsyth]]></type><name><![CDATA[ss5]]></name><startTime><![CDATA[5.4]]></startTime><endTime><![CDATA[6.2]]></endTime></generator><generator><folderPath/><type><![CDATA[de.schmiereck.noiseComp.generator.ModulGenerator#sawsyth]]></type><name><![CDATA[ss6]]></name><startTime><![CDATA[7.2]]></startTime><endTime><![CDATA[7.4]]></endTime><inputs><input><type><![CDATA[1]]></type><value><![CDATA[98.0]]></value><stringValue><![CDATA[98,0]]></stringValue></input></inputs></generator><generator><folderPath/><type><![CDATA[de.schmiereck.noiseComp.generator.ModulGenerator#drum-line 1]]></type><name><![CDATA[dum-line-1-1]]></name><startTime><![CDATA[0.0]]></startTime><endTime><![CDATA[9.0]]></endTime></generator><generator><folderPath/><type><![CDATA[de.schmiereck.noiseComp.generator.MixerGenerator]]></type><name><![CDATA[line3]]></name><startTime><![CDATA[0.0]]></startTime><endTime><![CDATA[9.0]]></endTime><inputs><input><type><![CDATA[1]]></type><value><![CDATA[0.25]]></value><stringValue><![CDATA[0,25]]></stringValue></input><input><generatorName><![CDATA[l3ss1]]></generatorName><type><![CDATA[2]]></type><value/><stringValue/></input><input><generatorName><![CDATA[l3ss1 (new)]]></generatorName><type><![CDATA[2]]></type><value/><stringValue/></input></inputs></generator><generator><folderPath/><type><![CDATA[de.schmiereck.noiseComp.generator.ModulGenerator#sawsyth]]></type><name><![CDATA[l3ss1]]></name><startTime><![CDATA[0.0]]></startTime><endTime><![CDATA[1.8]]></endTime><inputs><input><type><![CDATA[1]]></type><value><![CDATA[16.0]]></value><stringValue><![CDATA[16,0]]></stringValue></input></inputs></generator><generator><folderPath/><type><![CDATA[de.schmiereck.noiseComp.generator.ModulGenerator#sawsyth]]></type><name><![CDATA[l3ss1 (new)]]></name><startTime><![CDATA[2.3]]></startTime><endTime><![CDATA[4.6]]></endTime><inputs><input><type><![CDATA[1]]></type><value><![CDATA[33.0]]></value><stringValue><![CDATA[33,0]]></stringValue></input></inputs></generator></generators><tracks><track><generatorName><![CDATA[o]]></generatorName></track><track><generatorName><![CDATA[m]]></generatorName></track><track><generatorName><![CDATA[synth1-2]]></generatorName></track><track><generatorName><![CDATA[synth1-1]]></generatorName></track><track><generatorName><![CDATA[ss1]]></generatorName></track><track><generatorName><![CDATA[synth1-3]]></generatorName></track><track><generatorName><![CDATA[synth1-4]]></generatorName></track><track><generatorName><![CDATA[synth1-5]]></generatorName></track><track><generatorName><![CDATA[synth1-6]]></generatorName></track><track><generatorName><![CDATA[ss1]]></generatorName></track><track><generatorName><![CDATA[ss2]]></generatorName></track><track><generatorName><![CDATA[ss3]]></generatorName></track><track><generatorName><![CDATA[ss4]]></generatorName></track><track><generatorName><![CDATA[ss5]]></generatorName></track><track><generatorName><![CDATA[ss6]]></generatorName></track><track><generatorName><![CDATA[dum-line-1-1]]></generatorName></track><track><generatorName><![CDATA[line3]]></generatorName></track><track><generatorName><![CDATA[l3ss1]]></generatorName></track><track><generatorName><![CDATA[l3ss1 (new)]]></generatorName></track></tracks></generatorType><generatorType><generatorTypeClassName><![CDATA[de.schmiereck.noiseComp.generator.ModulGeneratorTypeData]]></generatorTypeClassName><generatorClassName><![CDATA[de.schmiereck.noiseComp.generator.ModulGenerator#clap]]></generatorClassName><folderPath/><name><![CDATA[clap]]></name><description><![CDATA[Manages a Group of other generators.]]></description><view><zoomX><![CDATA[1537.7344]]></zoomX><ticksCount/><ticksPer/></view><inputTypes/><generators><generator><folderPath/><type><![CDATA[de.schmiereck.noiseComp.generator.FaderGenerator]]></type><name><![CDATA[fc1]]></name><startTime><![CDATA[0.0]]></startTime><endTime><![CDATA[0.025]]></endTime><inputs><input><type><![CDATA[1]]></type><value><![CDATA[0.01]]></value><stringValue><![CDATA[0.01]]></stringValue></input><input><type><![CDATA[2]]></type><value><![CDATA[0.01]]></value><stringValue><![CDATA[0.01]]></stringValue></input></inputs></generator><generator><folderPath/><type><![CDATA[de.schmiereck.noiseComp.generator.WhiteNoiseGenerator]]></type><name><![CDATA[wgn1]]></name><startTime><![CDATA[0.0]]></startTime><endTime><![CDATA[0.2]]></endTime><inputs><input><generatorName><![CDATA[fc1]]></generatorName><type><![CDATA[2]]></type><value><![CDATA[0.01]]></value><stringValue><![CDATA[0.01]]></stringValue></input></inputs></generator><generator><folderPath/><type><![CDATA[de.schmiereck.noiseComp.generator.FaderGenerator]]></type><name><![CDATA[fc2]]></name><startTime><![CDATA[0.02]]></startTime><endTime><![CDATA[0.04]]></endTime><inputs><input><type><![CDATA[1]]></type><value><![CDATA[0.4]]></value><stringValue><![CDATA[0.4]]></stringValue></input><input><type><![CDATA[2]]></type><value><![CDATA[0.01]]></value><stringValue><![CDATA[.01]]></stringValue></input></inputs></generator><generator><folderPath/><type><![CDATA[de.schmiereck.noiseComp.generator.FaderGenerator]]></type><name><![CDATA[fc2-1]]></name><startTime><![CDATA[0.02]]></startTime><endTime><![CDATA[0.025]]></endTime><inputs><input><type><![CDATA[1]]></type><value><![CDATA[0.01]]></value><stringValue><![CDATA[.01]]></stringValue></input><input><type><![CDATA[2]]></type><value><![CDATA[0.4]]></value><stringValue><![CDATA[0.4]]></stringValue></input></inputs></generator><generator><folderPath/><type><![CDATA[de.schmiereck.noiseComp.generator.WhiteNoiseGenerator]]></type><name><![CDATA[wgn2]]></name><startTime><![CDATA[0.0]]></startTime><endTime><![CDATA[0.2]]></endTime><inputs><input><generatorName><![CDATA[fc2]]></generatorName><type><![CDATA[2]]></type><value/><stringValue/></input><input><generatorName><![CDATA[fc2-1]]></generatorName><type><![CDATA[2]]></type><value/><stringValue/></input></inputs></generator><generator><folderPath/><type><![CDATA[de.schmiereck.noiseComp.generator.FaderGenerator]]></type><name><![CDATA[fc3]]></name><startTime><![CDATA[0.04]]></startTime><endTime><![CDATA[0.075]]></endTime><inputs><input><type><![CDATA[1]]></type><value><![CDATA[0.4]]></value><stringValue><![CDATA[0.4]]></stringValue></input><input><type><![CDATA[2]]></type><value><![CDATA[0.01]]></value><stringValue><![CDATA[.01]]></stringValue></input></inputs></generator><generator><folderPath/><type><![CDATA[de.schmiereck.noiseComp.generator.FaderGenerator]]></type><name><![CDATA[fc3-1]]></name><startTime><![CDATA[0.04]]></startTime><endTime><![CDATA[0.045]]></endTime><inputs><input><type><![CDATA[1]]></type><value><![CDATA[0.01]]></value><stringValue><![CDATA[0.01]]></stringValue></input><input><type><![CDATA[2]]></type><value><![CDATA[0.4]]></value><stringValue><![CDATA[0.4]]></stringValue></input></inputs></generator><generator><folderPath/><type><![CDATA[de.schmiereck.noiseComp.generator.WhiteNoiseGenerator]]></type><name><![CDATA[wgn3]]></name><startTime><![CDATA[0.0]]></startTime><endTime><![CDATA[0.2]]></endTime><inputs><input><generatorName><![CDATA[fc3]]></generatorName><type><![CDATA[2]]></type><value/><stringValue/></input><input><generatorName><![CDATA[fc3-1]]></generatorName><type><![CDATA[2]]></type><value/><stringValue/></input></inputs></generator><generator><folderPath/><type><![CDATA[de.schmiereck.noiseComp.generator.FaderGenerator]]></type><name><![CDATA[fc4]]></name><startTime><![CDATA[0.07]]></startTime><endTime><![CDATA[0.1]]></endTime><inputs><input><type><![CDATA[1]]></type><value><![CDATA[0.5]]></value><stringValue><![CDATA[0.5]]></stringValue></input><input><type><![CDATA[2]]></type><value><![CDATA[0.01]]></value><stringValue><![CDATA[.01]]></stringValue></input></inputs></generator><generator><folderPath/><type><![CDATA[de.schmiereck.noiseComp.generator.FaderGenerator]]></type><name><![CDATA[fc4-1]]></name><startTime><![CDATA[0.07]]></startTime><endTime><![CDATA[0.075]]></endTime><inputs><input><type><![CDATA[1]]></type><value><![CDATA[0.01]]></value><stringValue><![CDATA[.01]]></stringValue></input><input><type><![CDATA[2]]></type><value><![CDATA[0.5]]></value><stringValue><![CDATA[0.5]]></stringValue></input></inputs></generator><generator><folderPath/><type><![CDATA[de.schmiereck.noiseComp.generator.WhiteNoiseGenerator]]></type><name><![CDATA[wgn4]]></name><startTime><![CDATA[0.0]]></startTime><endTime><![CDATA[0.2]]></endTime><inputs><input><generatorName><![CDATA[fc4]]></generatorName><type><![CDATA[2]]></type><value/><stringValue/></input><input><generatorName><![CDATA[fc4-1]]></generatorName><type><![CDATA[2]]></type><value/><stringValue/></input></inputs></generator><generator><folderPath/><type><![CDATA[de.schmiereck.noiseComp.generator.FaderGenerator]]></type><name><![CDATA[fc5]]></name><startTime><![CDATA[0.08]]></startTime><endTime><![CDATA[0.15]]></endTime><inputs><input><type><![CDATA[1]]></type><value><![CDATA[0.3]]></value><stringValue><![CDATA[.3]]></stringValue></input><input><type><![CDATA[2]]></type><value><![CDATA[0.01]]></value><stringValue><![CDATA[.01]]></stringValue></input></inputs></generator><generator><folderPath/><type><![CDATA[de.schmiereck.noiseComp.generator.FaderGenerator]]></type><name><![CDATA[fc5-1]]></name><startTime><![CDATA[0.08]]></startTime><endTime><![CDATA[0.09]]></endTime><inputs><input><type><![CDATA[1]]></type><value><![CDATA[0.01]]></value><stringValue><![CDATA[.01]]></stringValue></input><input><type><![CDATA[2]]></type><value><![CDATA[0.3]]></value><stringValue><![CDATA[.3]]></stringValue></input></inputs></generator><generator><folderPath/><type><![CDATA[de.schmiereck.noiseComp.generator.WhiteNoiseGenerator]]></type><name><![CDATA[wgn5]]></name><startTime><![CDATA[0.0]]></startTime><endTime><![CDATA[0.2]]></endTime><inputs><input><generatorName><![CDATA[fc5]]></generatorName><type><![CDATA[2]]></type><value/><stringValue/></input><input><generatorName><![CDATA[fc5-1]]></generatorName><type><![CDATA[2]]></type><value/><stringValue/></input></inputs></generator><generator><folderPath/><type><![CDATA[de.schmiereck.noiseComp.generator.FaderGenerator]]></type><name><![CDATA[fc6]]></name><startTime><![CDATA[0.09]]></startTime><endTime><![CDATA[0.2]]></endTime><inputs><input><type><![CDATA[1]]></type><value><![CDATA[0.1]]></value><stringValue><![CDATA[0.1]]></stringValue></input><input><type><![CDATA[2]]></type><value><![CDATA[0.0]]></value><stringValue><![CDATA[.0]]></stringValue></input></inputs></generator><generator><folderPath/><type><![CDATA[de.schmiereck.noiseComp.generator.FaderGenerator]]></type><name><![CDATA[fc6-1]]></name><startTime><![CDATA[0.09]]></startTime><endTime><![CDATA[0.1]]></endTime><inputs><input><type><![CDATA[1]]></type><value><![CDATA[0.01]]></value><stringValue><![CDATA[.01]]></stringValue></input><input><type><![CDATA[2]]></type><value><![CDATA[0.1]]></value><stringValue><![CDATA[0.1]]></stringValue></input></inputs></generator><generator><folderPath/><type><![CDATA[de.schmiereck.noiseComp.generator.WhiteNoiseGenerator]]></type><name><![CDATA[wgn6]]></name><startTime><![CDATA[0.0]]></startTime><endTime><![CDATA[0.2]]></endTime><inputs><input><generatorName><![CDATA[fc6]]></generatorName><type><![CDATA[2]]></type><value/><stringValue/></input><input><generatorName><![CDATA[fc6-1]]></generatorName><type><![CDATA[2]]></type><value/><stringValue/></input></inputs></generator><generator><folderPath/><type><![CDATA[de.schmiereck.noiseComp.generator.MixerGenerator]]></type><name><![CDATA[m]]></name><startTime><![CDATA[0.0]]></startTime><endTime><![CDATA[0.2]]></endTime><inputs><input><type><![CDATA[1]]></type><value><![CDATA[1.0]]></value><stringValue><![CDATA[1]]></stringValue></input><input><generatorName><![CDATA[wgn1]]></generatorName><type><![CDATA[2]]></type><value/><stringValue/></input><input><generatorName><![CDATA[wgn2]]></generatorName><type><![CDATA[2]]></type><value/><stringValue/></input><input><generatorName><![CDATA[wgn3]]></generatorName><type><![CDATA[2]]></type><value/><stringValue/></input><input><generatorName><![CDATA[wgn4]]></generatorName><type><![CDATA[2]]></type><value/><stringValue/></input><input><generatorName><![CDATA[wgn5]]></generatorName><type><![CDATA[2]]></type><value/><stringValue/></input><input><generatorName><![CDATA[wgn6]]></generatorName><type><![CDATA[2]]></type><value/><stringValue/></input></inputs></generator><generator><folderPath/><type><![CDATA[de.schmiereck.noiseComp.generator.OutputGenerator]]></type><name><![CDATA[o]]></name><startTime><![CDATA[0.0]]></startTime><endTime><![CDATA[0.2]]></endTime><inputs><input><generatorName><![CDATA[m]]></generatorName><type><![CDATA[1]]></type><value/><stringValue/></input></inputs></generator></generators><tracks><track><generatorName><![CDATA[fc1]]></generatorName></track><track><generatorName><![CDATA[wgn1]]></generatorName></track><track><generatorName><![CDATA[fc2]]></generatorName></track><track><generatorName><![CDATA[fc2-1]]></generatorName></track><track><generatorName><![CDATA[wgn2]]></generatorName></track><track><generatorName><![CDATA[fc3]]></generatorName></track><track><generatorName><![CDATA[fc3-1]]></generatorName></track><track><generatorName><![CDATA[wgn3]]></generatorName></track><track><generatorName><![CDATA[fc4]]></generatorName></track><track><generatorName><![CDATA[fc4-1]]></generatorName></track><track><generatorName><![CDATA[wgn4]]></generatorName></track><track><generatorName><![CDATA[fc5]]></generatorName></track><track><generatorName><![CDATA[fc5-1]]></generatorName></track><track><generatorName><![CDATA[wgn5]]></generatorName></track><track><generatorName><![CDATA[fc6]]></generatorName></track><track><generatorName><![CDATA[fc6-1]]></generatorName></track><track><generatorName><![CDATA[wgn6]]></generatorName></track><track><generatorName><![CDATA[m]]></generatorName></track><track><generatorName><![CDATA[o]]></generatorName></track></tracks></generatorType><generatorType><generatorTypeClassName><![CDATA[de.schmiereck.noiseComp.generator.ModulGeneratorTypeData]]></generatorTypeClassName><generatorClassName><![CDATA[de.schmiereck.noiseComp.generator.ModulGenerator#sawsyth]]></generatorClassName><folderPath/><name><![CDATA[sawsyth]]></name><description><![CDATA[Manages a Group of other generators.]]></description><view><zoomX><![CDATA[1537.7344]]></zoomX><ticksCount><![CDATA[1.0]]></ticksCount><ticksPer><![CDATA[Seconds]]></ticksPer></view><inputTypes><inputType><name><![CDATA[freq]]></name><type><![CDATA[1]]></type><countMin><![CDATA[-1]]></countMin><countMax><![CDATA[-1]]></countMax><defaultValue><![CDATA[131.0]]></defaultValue><description/></inputType></inputTypes><generators><generator><folderPath/><type><![CDATA[de.schmiereck.noiseComp.generator.SinusGenerator]]></type><name><![CDATA[modulate1]]></name><startTime><![CDATA[0.0]]></startTime><endTime><![CDATA[4.0]]></endTime><inputs><input><type><![CDATA[1]]></type><value><![CDATA[16.0]]></value><stringValue><![CDATA[16,0]]></stringValue></input><input><type><![CDATA[2]]></type><value><![CDATA[0.25]]></value><stringValue><![CDATA[0,25]]></stringValue></input></inputs></generator><generator><folderPath/><type><![CDATA[de.schmiereck.noiseComp.generator.SinusGenerator]]></type><name><![CDATA[modulate2]]></name><startTime><![CDATA[0.0]]></startTime><endTime><![CDATA[4.0]]></endTime><inputs><input><type><![CDATA[1]]></type><value><![CDATA[7.0]]></value><stringValue><![CDATA[7]]></stringValue></input><input><type><![CDATA[2]]></type><value><![CDATA[0.15]]></value><stringValue><![CDATA[0,15]]></stringValue></input></inputs></generator><generator><folderPath/><type><![CDATA[de.schmiereck.noiseComp.generator.SinusGenerator]]></type><name><![CDATA[modulate3]]></name><startTime><![CDATA[0.0]]></startTime><endTime><![CDATA[4.0]]></endTime><inputs><input><type><![CDATA[1]]></type><value><![CDATA[2.5]]></value><stringValue><![CDATA[2,5]]></stringValue></input><input><type><![CDATA[2]]></type><value><![CDATA[0.05]]></value><stringValue><![CDATA[0,05]]></stringValue></input></inputs></generator><generator><folderPath/><type><![CDATA[de.schmiereck.noiseComp.generator.MixerGenerator]]></type><name><![CDATA[modulateMix]]></name><startTime><![CDATA[0.0]]></startTime><endTime><![CDATA[4.0]]></endTime><inputs><input><generatorName><![CDATA[modulate1]]></generatorName><type><![CDATA[2]]></type><value/><stringValue/></input><input><type><![CDATA[1]]></type><value><![CDATA[0.25]]></value><stringValue><![CDATA[0,25]]></stringValue></input><input><type><![CDATA[2]]></type><value><![CDATA[0.75]]></value><stringValue><![CDATA[0,75]]></stringValue></input><input><generatorName><![CDATA[modulate2]]></generatorName><type><![CDATA[2]]></type><value/><stringValue/></input><input><generatorName><![CDATA[modulate3]]></generatorName><type><![CDATA[2]]></type><value/><stringValue/></input></inputs></generator><generator><folderPath/><type><![CDATA[de.schmiereck.noiseComp.generator.SawtoothGenerator]]></type><name><![CDATA[saw1]]></name><startTime><![CDATA[0.0]]></startTime><endTime><![CDATA[4.0]]></endTime><inputs><input><type><![CDATA[1]]></type><value/><stringValue/><inputModulInputType><![CDATA[1]]></inputModulInputType></input><input><generatorName><![CDATA[modulateMix]]></generatorName><type><![CDATA[2]]></type><value/><stringValue/></input></inputs></generator><generator><folderPath/><type><![CDATA[de.schmiereck.noiseComp.generator.MultGenerator]]></type><name><![CDATA[rect1Freq]]></name><startTime><![CDATA[0.0]]></startTime><endTime><![CDATA[4.0]]></endTime><inputs><input><type><![CDATA[1]]></type><value/><stringValue/><inputModulInputType><![CDATA[1]]></inputModulInputType></input><input><type><![CDATA[1]]></type><value><![CDATA[0.5]]></value><stringValue><![CDATA[0,5]]></stringValue></input></inputs></generator><generator><folderPath/><type><![CDATA[de.schmiereck.noiseComp.generator.RectangleGenerator]]></type><name><![CDATA[rect1]]></name><startTime><![CDATA[0.0]]></startTime><endTime><![CDATA[4.0]]></endTime><inputs><input><generatorName><![CDATA[rect1Freq]]></generatorName><type><![CDATA[1]]></type><value/><stringValue/></input><input><type><![CDATA[2]]></type><value><![CDATA[0.1]]></value><stringValue><![CDATA[0,1]]></stringValue></input><input><generatorName><![CDATA[modulate3]]></generatorName><type><![CDATA[3]]></type><value/><stringValue/></input></inputs></generator><generator><folderPath/><type><![CDATA[de.schmiereck.noiseComp.generator.SinusGenerator]]></type><name><![CDATA[rect1Filter1Sin1]]></name><startTime><![CDATA[0.0]]></startTime><endTime><![CDATA[4.0]]></endTime><inputs><input><type><![CDATA[1]]></type><value><![CDATA[64.0]]></value><stringValue><![CDATA[64]]></stringValue></input><input><type><![CDATA[2]]></type><value><![CDATA[0.05]]></value><stringValue><![CDATA[0,05]]></stringValue></input></inputs></generator><generator><folderPath/><type><![CDATA[de.schmiereck.noiseComp.generator.AddGenerator]]></type><name><![CDATA[rect1Filter1Add1]]></name><startTime><![CDATA[0.0]]></startTime><endTime><![CDATA[4.0]]></endTime><inputs><input><generatorName><![CDATA[rect1Filter1Sin1]]></generatorName><type><![CDATA[1]]></type><value/><stringValue/></input><input><type><![CDATA[1]]></type><value><![CDATA[0.06]]></value><stringValue><![CDATA[0,06]]></stringValue></input></inputs></generator><generator><folderPath/><type><![CDATA[de.schmiereck.noiseComp.generator.FilterGenerator]]></type><name><![CDATA[rect1Filter1]]></name><startTime><![CDATA[0.0]]></startTime><endTime><![CDATA[4.0]]></endTime><inputs><input><generatorName><![CDATA[rect1]]></generatorName><type><![CDATA[1]]></type><value/><stringValue/></input><input><generatorName><![CDATA[rect1Filter1Add1]]></generatorName><type><![CDATA[2]]></type><value/><stringValue/></input></inputs></generator><generator><folderPath/><type><![CDATA[de.schmiereck.noiseComp.generator.MixerGenerator]]></type><name><![CDATA[m]]></name><startTime><![CDATA[0.0]]></startTime><endTime><![CDATA[4.0]]></endTime><inputs><input><generatorName><![CDATA[saw1]]></generatorName><type><![CDATA[2]]></type><value/><stringValue/></input><input><generatorName><![CDATA[rect1Filter1]]></generatorName><type><![CDATA[2]]></type><value/><stringValue/></input></inputs></generator><generator><folderPath/><type><![CDATA[de.schmiereck.noiseComp.generator.OutputGenerator]]></type><name><![CDATA[o]]></name><startTime><![CDATA[0.0]]></startTime><endTime><![CDATA[4.0]]></endTime><inputs><input><generatorName><![CDATA[m]]></generatorName><type><![CDATA[1]]></type><value/><stringValue/></input></inputs></generator></generators><tracks><track><generatorName><![CDATA[modulate1]]></generatorName></track><track><generatorName><![CDATA[modulate2]]></generatorName></track><track><generatorName><![CDATA[modulate3]]></generatorName></track><track><generatorName><![CDATA[modulateMix]]></generatorName></track><track><generatorName><![CDATA[saw1]]></generatorName></track><track><generatorName><![CDATA[rect1Freq]]></generatorName></track><track><generatorName><![CDATA[rect1]]></generatorName></track><track><generatorName><![CDATA[rect1Filter1Sin1]]></generatorName></track><track><generatorName><![CDATA[rect1Filter1Add1]]></generatorName></track><track><generatorName><![CDATA[rect1Filter1]]></generatorName></track><track><generatorName><![CDATA[m]]></generatorName></track><track><generatorName><![CDATA[o]]></generatorName></track></tracks></generatorType><generatorType><generatorTypeClassName><![CDATA[de.schmiereck.noiseComp.generator.ModulGeneratorTypeData]]></generatorTypeClassName><generatorClassName/><folderPath><![CDATA[/File/Modules/drums/]]></folderPath><name/><description/><view><zoomX/><ticksCount/><ticksPer/></view><inputTypes/><generators/><tracks/></generatorType><generatorType><generatorTypeClassName><![CDATA[de.schmiereck.noiseComp.generator.ModulGeneratorTypeData]]></generatorTypeClassName><generatorClassName/><folderPath><![CDATA[/File/Modules/drums/base-drum1/]]></folderPath><name/><description/><view><zoomX/><ticksCount/><ticksPer/></view><inputTypes/><generators/><tracks/></generatorType><generatorType><generatorTypeClassName><![CDATA[de.schmiereck.noiseComp.generator.ModulGeneratorTypeData]]></generatorTypeClassName><generatorClassName/><folderPath><![CDATA[/File/Modules/synths/]]></folderPath><name/><description/><view><zoomX/><ticksCount/><ticksPer/></view><inputTypes/><generators/><tracks/></generatorType><generatorType><generatorTypeClassName><![CDATA[de.schmiereck.noiseComp.generator.ModulGeneratorTypeData]]></generatorTypeClassName><generatorClassName/><folderPath><![CDATA[/File/Modules/synths/saw-synth/]]></folderPath><name/><description/><view><zoomX/><ticksCount/><ticksPer/></view><inputTypes/><generators/><tracks/></generatorType><generatorType><generatorTypeClassName><![CDATA[de.schmiereck.noiseComp.generator.ModulGeneratorTypeData]]></generatorTypeClassName><generatorClassName/><folderPath><![CDATA[/File/Modules/drums/clap1/]]></folderPath><name/><description/><view><zoomX/><ticksCount/><ticksPer/></view><inputTypes/><generators/><tracks/></generatorType></generatorTypes></noise>